[francomunoz.com/index.html]
[backblue.gif]
[fade.gif]
[index.html]
[francomunoz.com/wp-content/themes/Franco/images/logo-icon.png]
[francomunoz.com/wp-content/themes/Franco/images/line.png]
[francomunoz.com/wp-content/themes/Franco/images/down-arrow.png]
[francomunoz.com/wp-content/uploads/2026/04/black-right-arrow.png]
[francomunoz.com/wp-content/uploads/2025/03/panel1-bg.webp]
[francomunoz.com/i-have-a-union-job-is-there-a-law-that-says-i-m/index.html]
[francomunoz.com/es/index.html]
[francomunoz.com/wp-json/oembed/1.0/embed978e.json]
[francomunoz.com/feed/index.html]
[francomunoz.com/comments/feed/index.html]
[francomunoz.com/wp-json/oembed/1.0/embed5642]
[francomunoz.com/wp-json/index.html]
[francomunoz.com/wp-json/wp/v2/pages/16.json]
[francomunoz.com/wp-content/plugins/webp-express/js/picturefill.min.js]
[connect.facebook.net/en_US/fbevents.js]
[francomunoz.com/wp-content/uploads/2024/05/favicon.png]
[francomunoz.com/oakland-workers-compensation-case-results/index.html]
[francomunoz.com/top-workers-compensation-lawyers-california/index.html]
[francomunoz.com/top-workers-compensation-lawyers-california/executive-team/index.html]
[francomunoz.com/top-workers-compensation-lawyers-california/mission-statement/index.html]
[francomunoz.com/wp-content/uploads/2026/03/Banner.jpg]
[francomunoz.com/top-workers-compensation-lawyers-california/california-workers-compensation-attorneys/index.html]
[francomunoz.com/top-workers-compensation-lawyers-california/careers/index.html]
[francomunoz.com/top-workers-compensation-lawyers-california/attorneyreferrals/index.html]
[francomunoz.com/top-workers-compensation-lawyers-california/newsroom/index.html]
[francomunoz.com/top-workers-compensation-lawyers-california/diversity-equity-inclusion/index.html]
[francomunoz.com/workers-compensation/index.html]
[francomunoz.com/wp-content/uploads/2025/03/orange-quote.webp]
[francomunoz.com/workers-compensation/oakland-amazon-workers-compensation-attorney/index.html]
[francomunoz.com/workers-compensation/brain-injuries/index.html]
[francomunoz.com/wp-content/plugins/wp-smushit/app/assets/js/smush-lazy-load.minae82.js]
[francomunoz.com/workers-compensation/auto-workers/index.html]
[francomunoz.com/workers-compensation/motor-vehicle-accidents/index.html]
[francomunoz.com/workers-compensation/heart-injuries/index.html]
[francomunoz.com/workers-compensation/how-do-i-close-my-workers-comp-case/index.html]
[francomunoz.com/workers-compensation/construction-accidents/crane-accidents/index.html]
[francomunoz.com/workers-compensation/construction-accidents/index.html]
[francomunoz.com/index.html]
[cdn.callrail.com/companies/666023567/wp-0-5-3/swap42a0.js]
[francomunoz.com/workers-compensation/construction-accidents/forklift-accidents/index.html]
[francomunoz.com/workers-compensation/construction-accidents/welding-accidents/index.html]
[francomunoz.com/workers-compensation/professional-athletes/index.html]
[francomunoz.com/personal-injury/index.html]
[francomunoz.com/personal-injury/traumatic-brain-injury-lawyer-california/index.html]
[francomunoz.com/wp-content/webp-express/webp-images/doc-root/wp-content/themes/Franco/images/site-logo.png.webp]
[francomunoz.com/workers-compensation/workers-compensation-what-to-do-after-work-injury-california/index.html]
[francomunoz.com/personal-injury/car-accident-lawyers/index.html]
[francomunoz.com/wp-json/oembed/1.0/embed630c.json]
[francomunoz.com/locations/index.html]
[francomunoz.com/personal-injury/wildfires/index.html]
[francomunoz.com/concord-workers-compensation-attorneys/index.html]
[francomunoz.com/wp-json/oembed/1.0/embed3488]
[francomunoz.com/oakland-workers-compensation/index.html]
[francomunoz.com/marin-county-workers-compensation-attorneys/index.html]
[francomunoz.com/san-mateo-workers-compensation-attorneys/index.html]
[francomunoz.com/wp-json/wp/v2/posts/408.json]
[francomunoz.com/resources/index.html]
[francomunoz.com/san-jose-workers-compensation-attorneys/index.html]
[francomunoz.com/testimonials/brian/index.html]
[francomunoz.com/wp-content/themes/Franco/images/site-logo.png]
[francomunoz.com/i-have-a-union-job-is-there-a-law-that-says-i-m/index.html]
[francomunoz.com/testimonials/john/index.html]
[francomunoz.com/testimonials/chris/index.html]
[francomunoz.com/Firefox/index.html]
[francomunoz.com/can-you-be-fired-for-filing-a-workers-compensation-claim-in-california/index.html]
[francomunoz.com/the-initial-physical-aggressor-defense/index.html]
[francomunoz.com/can-you-go-on-vacation-while-receiving-workers-compensation-benefits/index.html]
[francomunoz.com/es/i-have-a-union-job-is-there-a-law-saying-i-have-to-quit-to-settle-my-case-with-compromise-and-release-i-dont-want-to-quit-the-current-adjuster-states-i-do-have-to-quit-what-do-i-do/index.html]
[francomunoz.com/category/compromise-and-release/index.html]
[francomunoz.com/category/settlement/index.html]
[francomunoz.com/es/wp-json/oembed/1.0/embed541d.json]
[francomunoz.com/category/workers-compensation-lawyer/index.html]
[francomunoz.com/category/workers-compensation-lawyer-2/index.html]
[francomunoz.com/es/wp-json/oembed/1.0/embed3d6c]
[francomunoz.com/tag/compromise-and-release/index.html]
[francomunoz.com/tag/resign/index.html]
[francomunoz.com/tag/resignation/index.html]
[francomunoz.com/tag/settlement/index.html]
[francomunoz.com/es/wp-json/wp/v2/pages/227.json]
[francomunoz.com/2026/07/index.html]
[francomunoz.com/2026/06/index.html]
[francomunoz.com/wp-content/uploads/2024/04/orange-quote.png]
[francomunoz.com/2026/05/index.html]
[francomunoz.com/2026/04/index.html]
[francomunoz.com/2026/03/index.html]
[francomunoz.com/wp-content/plugins/wp-rocket/assets/js/wpr-beacon.min.js]
[francomunoz.com/es/index.html]
[francomunoz.com/2026/01/index.html]
[francomunoz.com/2026/02/index.html]
[francomunoz.com/xmlrpc0db0.html]
[francomunoz.com/2025/12/index.html]
[francomunoz.com/2025/11/index.html]
[francomunoz.com/2025/09/index.html]
[francomunoz.com/2025/10/index.html]
[francomunoz.com/2025/08/index.html]
[francomunoz.com/2025/06/index.html]
[francomunoz.com/2025/07/index.html]
[francomunoz.com/2025/05/index.html]
[francomunoz.com/2025/04/index.html]
[francomunoz.com/2025/03/index.html]
[francomunoz.com/2025/02/index.html]
[francomunoz.com/2025/01/index.html]
[francomunoz.com/2024/12/index.html]
[francomunoz.com/2024/11/index.html]
[francomunoz.com/2024/10/index.html]
[francomunoz.com/2024/09/index.html]
[francomunoz.com/2024/08/index.html]
[francomunoz.com/2024/07/index.html]
[francomunoz.com/2024/06/index.html]
[francomunoz.com/2023/12/index.html]
[francomunoz.com/2023/09/index.html]
[francomunoz.com/2023/07/index.html]
[francomunoz.com/2022/12/index.html]
[francomunoz.com/2022/08/index.html]
[francomunoz.com/2022/04/index.html]
[francomunoz.com/2020/11/index.html]
[francomunoz.com/2021/02/index.html]
[francomunoz.com/2020/04/index.html]
[francomunoz.com/2020/03/index.html]
[francomunoz.com/2020/02/index.html]
[connect.facebook.net/en_US/fbevents.js]
[francomunoz.com/2019/10/index.html]
[francomunoz.com/2019/08/index.html]
[francomunoz.com/2018/12/index.html]
[www.googletagmanager.com/gtm5445.html]
[francomunoz.com/2018/10/index.html]
[francomunoz.com/2018/08/index.html]
[francomunoz.com/2018/07/index.html]
[francomunoz.com/2018/05/index.html]
[francomunoz.com/2018/04/index.html]
[francomunoz.com/2018/02/index.html]
[francomunoz.com/category/accident-attorney/index.html]
[francomunoz.com/wp-json/oembed/1.0/embedae77.json]
[francomunoz.com/2017/10/index.html]
[francomunoz.com/category/100-permanent-disability/index.html]
[francomunoz.com/category/ama-guides/index.html]
[francomunoz.com/wp-json/oembed/1.0/embed9719]
[francomunoz.com/category/back-injury/index.html]
[francomunoz.com/category/brain-injury-2/index.html]
[francomunoz.com/category/burn-injury/index.html]
[francomunoz.com/category/car-accident/index.html]
[francomunoz.com/wp-json/wp/v2/pages/688.json]
[francomunoz.com/oakland-workers-compensation-case-results/index.html]
[francomunoz.com/category/cal-osha/index.html]
[francomunoz.com/category/carpal-tunnel/index.html]
[francomunoz.com/category/construction-accident-lawyer/index.html]
[francomunoz.com/category/crps/index.html]
[francomunoz.com/category/cumulative-trauma/index.html]
[francomunoz.com/category/denied-case/index.html]
[francomunoz.com/category/denied-claim/index.html]
[francomunoz.com/category/drowning-accident/index.html]
[francomunoz.com/category/fire-accident/index.html]
[francomunoz.com/category/headaches/index.html]
[francomunoz.com/category/heart-attacks/index.html]
[francomunoz.com/wp-json/oembed/1.0/embedac9e.json]
[francomunoz.com/category/independent-contractor/index.html]
[francomunoz.com/category/injury-lawyer/index.html]
[francomunoz.com/category/legal-strategy/index.html]
[francomunoz.com/wp-json/oembed/1.0/embed494d]
[francomunoz.com/category/lyft-accident-lawyer/index.html]
[francomunoz.com/category/medical-treatment/index.html]
[francomunoz.com/category/million-dollar-case/index.html]
[francomunoz.com/wp-json/wp/v2/pages/721.json]
[francomunoz.com/category/motorcycle-accident-lawyer/index.html]
[francomunoz.com/category/neck-injury/index.html]
[francomunoz.com/wp-content/uploads/2024/04/team.jpg]
[francomunoz.com/category/personal-injury-attorney/index.html]
[francomunoz.com/top-workers-compensation-lawyers-california/index.html]
[francomunoz.com/category/qme/index.html]
[francomunoz.com/category/resources-for-injured-workers/index.html]
[francomunoz.com/category/serious-willful/index.html]
[francomunoz.com/category/sports-injury/index.html]
[francomunoz.com/category/tesla/index.html]
[francomunoz.com/category/temporary-disability/index.html]
[francomunoz.com/category/traumatic-brain-injury-tbi/index.html]
[francomunoz.com/category/truck-accident-attorney/index.html]
[francomunoz.com/wp-json/oembed/1.0/embed7e49.json]
[francomunoz.com/category/uncategorized/index.html]
[francomunoz.com/category/violent-injuries/index.html]
[francomunoz.com/wp-json/oembed/1.0/embed92cb]
[francomunoz.com/category/whole-person-impairment-wpi/index.html]
[francomunoz.com/category/work-injury-attorney/index.html]
[francomunoz.com/category/work-restrictions/index.html]
[francomunoz.com/category/workers-comp-case/index.html]
[francomunoz.com/wp-json/wp/v2/pages/724.json]
[francomunoz.com/top-workers-compensation-lawyers-california/mission-statement/index.html]
[francomunoz.com/es/feed/index.html]
[francomunoz.com/es/comments/feed/index.html]
[francomunoz.com/es/wp-json/index.html]
[francomunoz.com/es/historial-de-exitos/index.html]
[francomunoz.com/es/sobre-nosotros/index.html]
[francomunoz.com/es/sobre-nosotros/nuestra-mision/index.html]
[francomunoz.com/es/sobre-nosotros/abogados/index.html]
[francomunoz.com/wp-json/oembed/1.0/embed1442.json]
[francomunoz.com/es/sobre-nosotros/equipo-directivo/index.html]
[francomunoz.com/es/sobre-nosotros/carreras-profesionales/index.html]
[francomunoz.com/es/sobre-nosotros/prensa/index.html]
[francomunoz.com/es/compensacion-de-trabajadores/index.html]
[francomunoz.com/wp-json/oembed/1.0/embeddcce]
[francomunoz.com/es/compensacion-de-trabajadores/trabajador-de-amazon-lesionado/index.html]
[francomunoz.com/es/compensacion-de-trabajadores/trabajadores-automotriz/index.html]
[francomunoz.com/es/compensacion-de-trabajadores/lesiones-cerebrales/index.html]
[francomunoz.com/wp-json/wp/v2/pages/14.json]
[francomunoz.com/es/compensacion-de-trabajadores/abogado-accidente-auto-trabajo-california/index.html]
[francomunoz.com/es/compensacion-de-trabajadores/lesion-del-corazon/index.html]
[francomunoz.com/es/compensacion-de-trabajadores/como-se-resuelve-mi-caso-de-compensacion-laboral/index.html]
[francomunoz.com/es/compensacion-de-trabajadores/accidentes-de-construccion/index.html]
[francomunoz.com/wp-content/uploads/2024/04/smaller-featured-1.jpg]
[francomunoz.com/top-workers-compensation-lawyers-california/california-workers-compensation-attorneys/index.html]
[francomunoz.com/es/compensacion-de-trabajadores/accidentes-de-construccion/accidentes-de-grua/index.html]
[francomunoz.com/es/compensacion-de-trabajadores/accidentes-de-construccion/accidentes-de-montacargas/index.html]
[francomunoz.com/es/compensacion-de-trabajadores/accidentes-de-construccion/accidentes-de-soldadura/index.html]
[francomunoz.com/es/compensacion-de-trabajadores/deportistas-profesionales1/index.html]
[francomunoz.com/es/compensacion-de-trabajadores/tratando-con-su-lesion-laboral/index.html]
[francomunoz.com/es/firma-de-abogados-lesiones-personales-de-california/index.html]
[francomunoz.com/es/firma-de-abogados-lesiones-personales-de-california/el-mejor-abogado-de-accidentes-de-auto/index.html]
[francomunoz.com/es/nuestras-ubicaciones/index.html]
[francomunoz.com/es/firma-de-abogados-lesiones-personales-de-california/es-abogado-lesion-cerebral-traumatica-california/index.html]
[francomunoz.com/es/recursos/index.html]
[francomunoz.com/es/san-jose-workers-compensation/index.html]
[francomunoz.com/wp-json/oembed/1.0/embeda090.json]
[francomunoz.com/es/testimonials/john/index.html]
[francomunoz.com/wp-json/oembed/1.0/embed9a8f]
[francomunoz.com/es/testimonials/chris/index.html]
[francomunoz.com/es/testimonials/__trashed/index.html]
[francomunoz.com/es/lo-pueden-despedir-por-presentar-un-reclamo-de-compensacion-laboral/index.html]
[francomunoz.com/es/the-initial-physical-aggressor-defense/index.html]
[francomunoz.com/wp-json/wp/v2/pages/888.json]
[francomunoz.com/tbi-primer-how-do-we-evaluate-a-traumatic-brain-injury/index.html]
[francomunoz.com/es/vacaciones-compensacion-laboral-california/index.html]
[francomunoz.com/wp-content/uploads/2022/04/page-featured-img-short.jpg]
[francomunoz.com/top-workers-compensation-lawyers-california/executive-team/index.html]
[francomunoz.com/personal-injury/eaton-fire-attorneys/index.html]
[francomunoz.com/contact/index.html]
[francomunoz.com/wp-json/oembed/1.0/embed6137.json]
[francomunoz.com/wp-json/oembed/1.0/embede57f]
[francomunoz.com/steve-franco/index.html]
[francomunoz.com/wp-json/wp/v2/pages/707.json]
[francomunoz.com/wp-content/uploads/2024/05/IMG_5283-1-1024x768.jpg]
[francomunoz.com/top-workers-compensation-lawyers-california/careers/index.html]
[francomunoz.com/Estela-Barajas/index.html]
[francomunoz.com/daniel-alvarez/index.html]
[francomunoz.com/rene-munoz/index.html]
[francomunoz.com/laura-stephan/index.html]
[francomunoz.com/top-workers-compensation-lawyers-california/executive-team/cristina-bolanos/index.html]
[francomunoz.com/top-workers-compensation-lawyers-california/executive-team/yahaira-hernandez/index.html]
[francomunoz.com/top-workers-compensation-lawyers-california/executive-team/fatima-lopez/index.html]
[francomunoz.com/top-workers-compensation-lawyers-california/executive-team/daniela-perez/index.html]
[francomunoz.com/wp-json/oembed/1.0/embed64a9.json]
[francomunoz.com/wp-json/oembed/1.0/embed5fcd]
[francomunoz.com/wp-json/wp/v2/pages/903.json]
[francomunoz.com/wp-content/uploads/2024/04/angle-img-3.jpg]
[francomunoz.com/top-workers-compensation-lawyers-california/attorneyreferrals/index.html]
[francomunoz.com/wp-json/oembed/1.0/embed996d.json]
[francomunoz.com/wp-json/oembed/1.0/embedc4c6]
[francomunoz.com/top-workers-compensation-lawyers-california/newsroom/index.html]
[francomunoz.com/wp-json/wp/v2/pages/1068.json]
[francomunoz.com/wp-content/uploads/2024/05/iStock-1281795616-scaled-e1658252006170.jpg]
[francomunoz.com/wp-json/oembed/1.0/embedca7e.json]
[francomunoz.com/wp-json/oembed/1.0/embeded9e]
[francomunoz.com/top-workers-compensation-lawyers-california/diversity-equity-inclusion/index.html]
[francomunoz.com/wp-json/wp/v2/pages/1103.json]
[francomunoz.com/wp-json/oembed/1.0/embed7b0e.json]
[francomunoz.com/wp-json/oembed/1.0/embed4abb]
[francomunoz.com/wp-json/wp/v2/pages/502.json]
[francomunoz.com/wp-content/uploads/2020/05/new-slide-bg-435x225.jpg]
[francomunoz.com/wp-content/uploads/2026/03/2-ways.jpg]
[francomunoz.com/workers-compensation/index.html]
[francomunoz.com/wp-json/oembed/1.0/embed678e.json]
[francomunoz.com/wp-json/oembed/1.0/embedd0f7]
[francomunoz.com/wp-json/wp/v2/pages/2009.json]
[francomunoz.com/wp-content/uploads/2026/04/injured.png]
[francomunoz.com/workers-compensation/oakland-amazon-workers-compensation-attorney/index.html]
[francomunoz.com/understanding-the-importance-of-a-car-accident-lawyer/index.html]
[francomunoz.com/how-to-determine-the-level-of-disability-for-a-back-injury-in-workers-compensation-cases/index.html]
[francomunoz.com/why-franco-munoz-law-firm-is-the-best-workers-compensation-lawyer-for-your-case/index.html]
[francomunoz.com/wp-json/oembed/1.0/embed3a92.json]
[francomunoz.com/wp-json/oembed/1.0/embedba8e]
[francomunoz.com/workers-compensation-for-athletes-lessons-from-the-super-bowl-and-the-hidden-impact-of-head-injuries/index.html]
[francomunoz.com/wp-json/wp/v2/pages/508.json]
[francomunoz.com/wp-content/uploads/2020/05/brain-injuries-bg-435x225.jpg]
[francomunoz.com/wp-content/uploads/2026/03/construction-brain-injury-683x1024.png]
[francomunoz.com/workers-compensation/brain-injuries/index.html]
[francomunoz.com/recent-workers-compensation-case-shows-importance-of-accurate-impairment-evaluation/index.html]
[francomunoz.com/your-right-to-medical-care-why-a-security-system-counts-in-workers-comp/index.html]
[francomunoz.com/navigating-the-workers-compensation-process-a-guide-for-injured-workers/index.html]
[francomunoz.com/wp-json/oembed/1.0/embed45bd.json]
[francomunoz.com/wp-json/oembed/1.0/embede131]
[francomunoz.com/wp-json/wp/v2/pages/507.json]
[francomunoz.com/wp-content/uploads/2026/03/auto-worker-photo-1024x683.png]
[francomunoz.com/workers-compensation/auto-workers/index.html]
[francomunoz.com/wp-json/oembed/1.0/embed4777.json]
[francomunoz.com/wp-json/oembed/1.0/embedebcd]
[francomunoz.com/wp-json/wp/v2/pages/526.json]
[francomunoz.com/wp-content/uploads/2020/06/driver-on-ground-after-car-accident-435x225.jpg]
[francomunoz.com/wp-content/uploads/2026/03/MVA-WC-image-1024x683.png]
[francomunoz.com/workers-compensation/motor-vehicle-accidents/index.html]
[francomunoz.com/wp-json/oembed/1.0/embed448f.json]
[francomunoz.com/wp-json/oembed/1.0/embedf05f]
[francomunoz.com/wp-json/wp/v2/pages/532.json]
[francomunoz.com/wp-content/uploads/2020/06/heart-attack-435x225.jpg]
[francomunoz.com/wp-content/uploads/2026/03/heart-attack-work-1-683x1024.png]
[francomunoz.com/workers-compensation/heart-injuries/index.html]
[francomunoz.com/wp-json/oembed/1.0/embeddb75.json]
[francomunoz.com/wp-json/oembed/1.0/embed228b]
[francomunoz.com/wp-json/wp/v2/pages/543.json]
[francomunoz.com/wp-content/uploads/2026/03/Free-attorney-consultation.jpg]
[francomunoz.com/workers-compensation/how-do-i-close-my-workers-comp-case/index.html]
[francomunoz.com/how-much-is-my-workers-comp-case-worth-in-california/index.html]
[francomunoz.com/wp-json/oembed/1.0/embed5ac8.json]
[francomunoz.com/understanding-the-role-of-a-construction-accident-lawyer-in-personal-injury-and-workers-compensation-law/index.html]
[francomunoz.com/wp-json/oembed/1.0/embedb73a]
[francomunoz.com/wp-json/wp/v2/pages/579.json]
[francomunoz.com/wp-content/uploads/2026/03/0323ScaffoldingSafety.jpg]
[francomunoz.com/workers-compensation/construction-accidents/index.html]
[francomunoz.com/wp-json/oembed/1.0/embede1e9.json]
[francomunoz.com/wp-json/oembed/1.0/embed4479]
[francomunoz.com/wp-json/wp/v2/pages/2026.json]
[francomunoz.com/wp-content/uploads/2026/04/crain-accidents.png]
[francomunoz.com/workers-compensation/construction-accidents/crane-accidents/index.html]
[francomunoz.com/understanding-the-impact-of-california-minimum-wage-changes-on-temporary-disability-rates/index.html]
[francomunoz.com/wp-json/oembed/1.0/embed34c5.json]
[francomunoz.com/how-to-find-the-right-car-accident-attorney-for-your-personal-injury-case/index.html]
[francomunoz.com/wp-json/oembed/1.0/embedec6b]
[francomunoz.com/wp-json/wp/v2/pages/2031.json]
[francomunoz.com/wp-content/uploads/2026/04/claim-denied.png]
[francomunoz.com/workers-compensation/construction-accidents/forklift-accidents/index.html]
[francomunoz.com/wp-json/oembed/1.0/embeda394.json]
[francomunoz.com/wp-json/oembed/1.0/embed5e45]
[francomunoz.com/wp-json/wp/v2/pages/2038.json]
[francomunoz.com/wp-content/uploads/2026/04/welding.jpg]
[francomunoz.com/workers-compensation/construction-accidents/welding-accidents/index.html]
[francomunoz.com/wp-json/oembed/1.0/embed122b.json]
[francomunoz.com/wp-json/oembed/1.0/embedc86f]
[francomunoz.com/wp-json/wp/v2/pages/696.json]
[francomunoz.com/wp-content/uploads/2022/12/football-injury-banner-435x225.jpg]
[francomunoz.com/wp-content/uploads/2026/03/football-player-1024x683.png]
[francomunoz.com/workers-compensation/professional-athletes/index.html]
[francomunoz.com/wp-json/oembed/1.0/embed64de.json]
[francomunoz.com/wp-json/oembed/1.0/embedd151]
[francomunoz.com/wp-json/wp/v2/pages/982.json]
[francomunoz.com/wp-content/uploads/2024/04/ai-generated-8668436_1280-1024x584.png]
[francomunoz.com/workers-compensation/workers-compensation-what-to-do-after-work-injury-california/index.html]
[francomunoz.com/wp-json/oembed/1.0/embed0c41.json]
[francomunoz.com/wp-json/oembed/1.0/embedfd7f]
[francomunoz.com/personal-injury/index.html]
[francomunoz.com/wp-json/wp/v2/pages/686.json]
[francomunoz.com/wp-json/oembed/1.0/embed1141.json]
[francomunoz.com/understanding-the-role-of-a-personal-injury-attorney-and-car-accident-attorney/index.html]
[francomunoz.com/wp-json/oembed/1.0/embedaf2e]
[francomunoz.com/wp-json/wp/v2/pages/732.json]
[francomunoz.com/wp-content/uploads/2024/04/steve-1.jpg]
[francomunoz.com/personal-injury/car-accident-lawyers/index.html]
[francomunoz.com/wp-json/oembed/1.0/embed748d.json]
[francomunoz.com/wp-json/oembed/1.0/embedb668]
[francomunoz.com/wp-json/wp/v2/pages/976.json]
[francomunoz.com/wp-content/uploads/2024/04/mri.jpg]
[francomunoz.com/personal-injury/traumatic-brain-injury-lawyer-california/index.html]
[francomunoz.com/how-much-money-can-i-get-for-my-personal-injury-case-in-california/index.html]
[francomunoz.com/wp-json/oembed/1.0/embed4837.json]
[francomunoz.com/wp-json/oembed/1.0/embed3e72]
[francomunoz.com/wp-json/wp/v2/pages/1698.json]
[francomunoz.com/personal-injury/wildfires/index.html]
[francomunoz.com/wp-json/oembed/1.0/embedbb64.json]
[francomunoz.com/wp-json/oembed/1.0/embed13ac]
[francomunoz.com/wp-json/wp/v2/pages/625.json]
[francomunoz.com/wp-content/uploads/2017/09/page-featured-img.jpg]
[francomunoz.com/locations/index.html]
[francomunoz.com/sausalito-workers-compensation-attorneys/index.html]
[francomunoz.com/vallejo-workers-compensation/index.html]
[francomunoz.com/hayward-workers-compensation/index.html]
[francomunoz.com/fremont-workers-compensation/index.html]
[francomunoz.com/wp-json/oembed/1.0/embedfadb.json]
[francomunoz.com/antioch-workers-compensation/index.html]
[francomunoz.com/tiburon-workers-compensation-attorneys/index.html]
[francomunoz.com/san-francisco-workers-compensation-attorneys/index.html]
[francomunoz.com/san-anselmo-workers-compensation-attorneys/index.html]
[francomunoz.com/wp-json/oembed/1.0/embedf466]
[francomunoz.com/novato-workers-compensation-attorneys/index.html]
[francomunoz.com/larkspur-workers-compensation-attorneys/index.html]
[francomunoz.com/mill-valley-workers-compensation-attorneys/index.html]
[francomunoz.com/wp-json/wp/v2/pages/618.json]
[francomunoz.com/concord-workers-compensation-attorneys/index.html]
[francomunoz.com/daly-city-workers-compensation-attorneys/index.html]
[francomunoz.com/fairfax-workers-compensation-attorneys/index.html]
[francomunoz.com/corte-madera-workers-compensation-attorneys/index.html]
[francomunoz.com/belvedere-workers-compensation-attorneys/index.html]
[francomunoz.com/es/concord-workers-compensation-attorneys/index.html]
[francomunoz.com/wp-json/oembed/1.0/embed9aa7.json]
[francomunoz.com/wp-json/oembed/1.0/embed3bf6]
[francomunoz.com/oakland-workers-compensation/index.html]
[francomunoz.com/es/oakland-workers-compensation/index.html]
[francomunoz.com/wp-json/wp/v2/pages/623.json]
[francomunoz.com/wp-json/oembed/1.0/embed158c.json]
[francomunoz.com/wp-json/oembed/1.0/embedb105]
[francomunoz.com/san-mateo-workers-compensation-attorneys/index.html]
[francomunoz.com/wp-json/wp/v2/pages/804.json]
[francomunoz.com/es/san-mateo-workers-compensation/index.html]
[francomunoz.com/wp-json/oembed/1.0/embed9997.json]
[francomunoz.com/wp-json/oembed/1.0/embedf02a]
[francomunoz.com/marin-county-workers-compensation-attorneys/index.html]
[francomunoz.com/wp-json/wp/v2/pages/1508.json]
[francomunoz.com/es/marin-county-workers-compensation/index.html]
[francomunoz.com/wp-json/oembed/1.0/embedce8f.json]
[francomunoz.com/wp-json/oembed/1.0/embedb2cf]
[francomunoz.com/san-jose-workers-compensation-attorneys/index.html]
[francomunoz.com/wp-json/wp/v2/pages/1521.json]
[francomunoz.com/wp-json/oembed/1.0/embed34fe.json]
[francomunoz.com/wp-json/oembed/1.0/embedc912]
[francomunoz.com/resources/index.html]
[francomunoz.com/wp-json/wp/v2/pages/10.json]
[francomunoz.com/attorneys/index.html]
[francomunoz.com/questions-answers-with-steve-franco/index.html]
[francomunoz.com/how-to-close-your-workers-compensation-case-in-2026-a-guide-to-making-the-best-choice/index.html]
[francomunoz.com/how-to-prove-100-permanent-disability-in-california-workers-compensation-cases/index.html]
[francomunoz.com/how-to-increase-the-value-of-your-neck-injury-workers-compensation-case/index.html]
[francomunoz.com/800000-settlement-for-worker-injured-in-devastating-fall-while-installing-windows/index.html]
[francomunoz.com/resources/page/2/index.html]
[francomunoz.com/resources/page/3/index.html]
[francomunoz.com/resources/page/11/index.html]
[francomunoz.com/wp-content/webp-express/webp-images/doc-root/wp-content/uploads/2017/09/30-day-no-fee-img.png.webp]
[francomunoz.com/wp-json/oembed/1.0/embed62eb.json]
[francomunoz.com/wp-json/oembed/1.0/embedef12]
[francomunoz.com/wp-content/uploads/2017/09/30-day-no-fee-img.png]
[francomunoz.com/testimonials/brian/index.html]
[francomunoz.com/wp-json/oembed/1.0/embede352.json]
[francomunoz.com/testimonials/john/index.html]
[francomunoz.com/wp-json/oembed/1.0/embedf561]
[francomunoz.com/wp-json/oembed/1.0/embeda9af.json]
[francomunoz.com/testimonials/chris/index.html]
[francomunoz.com/wp-json/oembed/1.0/embedcd6b]
[francomunoz.com/wp-json/oembed/1.0/embed0a58.json]
[francomunoz.com/wp-json/oembed/1.0/embed27ea]
[francomunoz.com/wp-json/wp/v2/posts/2168.json]
[francomunoz.com/wp-content/uploads/2026/07/imge-again-1024x683.png]
[francomunoz.com/can-you-be-fired-for-filing-a-workers-compensation-claim-in-california/index.html]
[francomunoz.com/wp-json/oembed/1.0/embedd592.json]
[francomunoz.com/wp-json/oembed/1.0/embed0ba4]
[francomunoz.com/wp-json/wp/v2/posts/1198.json]
[francomunoz.com/wp-content/uploads/2024/06/fight-1020x1024.jpg]
[francomunoz.com/the-initial-physical-aggressor-defense/index.html]
[francomunoz.com/wp-json/oembed/1.0/embed921c.json]
[francomunoz.com/wp-json/oembed/1.0/embed94e7]
[francomunoz.com/wp-json/wp/v2/posts/2156.json]
[francomunoz.com/wp-content/uploads/2026/06/worker-vacation-1-1024x683.png]
[francomunoz.com/can-you-go-on-vacation-while-receiving-workers-compensation-benefits/index.html]
[francomunoz.com/i-have-a-union-job-is-there-a-law-that-says-i-m/Firefox/index.html]
[francomunoz.com/es/wp-json/oembed/1.0/embed2d51.json]
[francomunoz.com/es/wp-json/oembed/1.0/embed855c]
[francomunoz.com/es/wp-json/wp/v2/posts/407.json]
[francomunoz.com/wp-content/uploads/2024/07/5-mistakes-1024x585.jpg]
[francomunoz.com/es/i-have-a-union-job-is-there-a-law-saying-i-have-to-quit-to-settle-my-case-with-compromise-and-release-i-dont-want-to-quit-the-current-adjuster-states-i-do-have-to-quit-what-do-i-do/index.html]
[francomunoz.com/index43fc.html]
[francomunoz.com/es/category/abogado-de-compensacion-laboral-es/index.html]
[francomunoz.com/es/category/abogado-de-compensacion-laboral/index.html]
[francomunoz.com/es/2026/07/index.html]
[francomunoz.com/es/2026/06/index.html]
[francomunoz.com/wp-json/wp/v2/categories/22.json]
[francomunoz.com/category/compromise-and-release/index.html]
[francomunoz.com/es/2026/04/index.html]
[francomunoz.com/es/2026/05/index.html]
[francomunoz.com/es/2026/03/index.html]
[francomunoz.com/es/2026/02/index.html]
[francomunoz.com/es/2026/01/index.html]
[francomunoz.com/es/2025/12/index.html]
[francomunoz.com/es/2025/11/index.html]
[francomunoz.com/es/2025/10/index.html]
[francomunoz.com/es/2025/09/index.html]
[francomunoz.com/es/2025/07/index.html]
[francomunoz.com/wp-json/wp/v2/categories/23.json]
[francomunoz.com/category/settlement/index.html]
[francomunoz.com/es/2025/08/index.html]
[francomunoz.com/es/2025/06/index.html]
[francomunoz.com/es/2025/05/index.html]
[francomunoz.com/es/2025/04/index.html]
[francomunoz.com/es/2025/03/index.html]
[francomunoz.com/es/2025/02/index.html]
[francomunoz.com/es/2025/01/index.html]
[francomunoz.com/es/2024/12/index.html]
[francomunoz.com/es/2024/10/index.html]
[francomunoz.com/es/2024/11/index.html]
[francomunoz.com/wp-json/wp/v2/categories/727.json]
[francomunoz.com/category/workers-compensation-lawyer/index.html]
[francomunoz.com/es/2024/09/index.html]
[francomunoz.com/es/2024/07/index.html]
[francomunoz.com/es/2024/08/index.html]
[francomunoz.com/es/2024/06/index.html]
[francomunoz.com/es/2023/12/index.html]
[francomunoz.com/es/2023/07/index.html]
[francomunoz.com/es/2023/09/index.html]
[francomunoz.com/es/2022/12/index.html]
[francomunoz.com/es/2022/05/index.html]
[francomunoz.com/es/2022/08/index.html]
[francomunoz.com/es/2021/02/index.html]
[francomunoz.com/wp-json/wp/v2/categories/753.json]
[francomunoz.com/category/workers-compensation-lawyer-2/index.html]
[francomunoz.com/es/2020/11/index.html]
[francomunoz.com/es/2020/04/index.html]
[francomunoz.com/es/2020/03/index.html]
[francomunoz.com/es/2019/10/index.html]
[francomunoz.com/es/2020/02/index.html]
[francomunoz.com/es/2019/08/index.html]
[francomunoz.com/es/2018/12/index.html]
[francomunoz.com/es/2018/10/index.html]
[francomunoz.com/es/2018/08/index.html]
[francomunoz.com/wp-json/wp/v2/tags/24.json]
[francomunoz.com/tag/compromise-and-release/index.html]
[francomunoz.com/es/2018/07/index.html]
[francomunoz.com/es/2018/05/index.html]
[francomunoz.com/es/2018/02/index.html]
[francomunoz.com/es/2017/12/index.html]
[francomunoz.com/es/category/abogado-de-accidentes-de-camiones/index.html]
[francomunoz.com/es/category/abogado-de-accidentes-de-construccion/index.html]
[francomunoz.com/es/category/abogado-de-accidentes-de-lyft/index.html]
[francomunoz.com/es/category/abogado-de-accidentes-de-motocicleta/index.html]
[francomunoz.com/es/category/abogado-de-accidentes-de-trafico/index.html]
[francomunoz.com/es/category/abogado-de-lesiones-laborales/index.html]
[francomunoz.com/es/category/abogado-de-lesiones-personales-es/index.html]
[francomunoz.com/es/category/abogado-de-lesiones-personales/index.html]
[francomunoz.com/es/category/accidente-de-incendio/index.html]
[francomunoz.com/wp-json/wp/v2/tags/27.json]
[francomunoz.com/tag/resign/index.html]
[francomunoz.com/es/category/accidente-de-trafico/index.html]
[francomunoz.com/es/category/accidente-por-ahogamiento/index.html]
[francomunoz.com/es/category/ataque-al-corazon/index.html]
[francomunoz.com/es/category/cal-osha-es/index.html]
[francomunoz.com/es/category/caso-de-compensacion-al-trabajador/index.html]
[francomunoz.com/es/category/caso-millonario/index.html]
[francomunoz.com/es/category/caso-denegado/index.html]
[francomunoz.com/es/category/compensacion-laboral/index.html]
[francomunoz.com/es/category/compromiso-y-liberacion/index.html]
[francomunoz.com/es/category/deposicion/index.html]
[francomunoz.com/es/category/dolores-de-cabeza/index.html]
[francomunoz.com/wp-json/wp/v2/tags/25.json]
[francomunoz.com/tag/resignation/index.html]
[francomunoz.com/es/category/guias-medicas/index.html]
[francomunoz.com/es/category/legal-strategy-es/index.html]
[francomunoz.com/es/category/lesion-cerebral/index.html]
[francomunoz.com/es/category/lesion-cerebral-traumatica-lct/index.html]
[francomunoz.com/es/category/lesion-de-espalda/index.html]
[francomunoz.com/es/category/lesion-de-trauma-acumulativo/index.html]
[francomunoz.com/es/category/lesion-deportiva/index.html]
[francomunoz.com/es/category/lesion-por-quemadura/index.html]
[francomunoz.com/es/category/lesiones-del-cerebro/index.html]
[francomunoz.com/wp-json/wp/v2/tags/26.json]
[francomunoz.com/tag/settlement/index.html]
[francomunoz.com/es/category/lesiones-del-cuello/index.html]
[francomunoz.com/es/category/los-pulmones/index.html]
[francomunoz.com/es/category/qme-es/index.html]
[francomunoz.com/es/category/reclamo-denegado/index.html]
[francomunoz.com/es/category/resources-for-injured-workers-es/index.html]
[francomunoz.com/es/category/restricciones-de-trabajdo/index.html]
[francomunoz.com/es/category/restricciones-de-trabajo/index.html]
[francomunoz.com/es/category/sin-categorizar/index.html]
[francomunoz.com/es/category/trabajo-modificado/index.html]
[francomunoz.com/es/category/tratamiento-medico/index.html]
[francomunoz.com/es/category/vctorias-legales/index.html]
[francomunoz.com/es/category/violent-injuries-es/index.html]
[francomunoz.com/wp-content/uploads/2024/05/24_f.webp]
[francomunoz.com/2026/07/index.html]
[francomunoz.com/category/compromise-and-release/feed/index.html]
[francomunoz.com/how-to-close-your-workers-compensation-case-as-2025-wraps-up-planning-for-2026/index.html]
[francomunoz.com/navigating-workers-compensation-claims-amidst-high-profile-allegations-understanding-psychological-injury-claims/index.html]
[francomunoz.com/2026/06/index.html]
[francomunoz.com/how-to-close-your-workers-compensation-case-in-2025-what-you-need-to-know-in-a-changing-world/index.html]
[francomunoz.com/tag/cr/index.html]
[francomunoz.com/can-you-tell-me-the-two-main-ways-to-settle-my-workers-comp-case/index.html]
[francomunoz.com/tag/compromise-release/index.html]
[francomunoz.com/tag/settlement-options/index.html]
[francomunoz.com/tag/stips/index.html]
[francomunoz.com/tag/stipulations/index.html]
[francomunoz.com/category/settlement/feed/index.html]
[francomunoz.com/2026/05/index.html]
[francomunoz.com/how-to-close-your-workers-compensation-case/index.html]
[francomunoz.com/franco-munoz-law-firm-wins-1-6-million-award-for-client-in-workers-comp-case/index.html]
[francomunoz.com/tag/100-disability/index.html]
[francomunoz.com/rene-munoz-wins-1-85-million-for-injured-tesla-automobile-worker/index.html]
[francomunoz.com/tag/lung-injury/index.html]
[francomunoz.com/tag/million-dollar-case/index.html]
[francomunoz.com/tag/traumatic-brain-injury/index.html]
[francomunoz.com/tag/workers-comp-lawyer/index.html]
[francomunoz.com/2026/04/index.html]
[francomunoz.com/navigating-the-complexities-of-workers-compensation-claims-tips-from-a-workers-comp-lawyer-near-me/index.html]
[francomunoz.com/category/workers-compensation-lawyer/page/2/index.html]
[francomunoz.com/category/workers-compensation-lawyer/feed/index.html]
[francomunoz.com/labor-rights-in-california-why-do-you-need-labor-lawyers/index.html]
[francomunoz.com/how-does-workers-compensation-work-a-comprehensive-guide/index.html]
[francomunoz.com/top-5-reasons-you-need-a-workers-compensation-attorney/index.html]
[francomunoz.com/2026/03/index.html]
[francomunoz.com/how-to-appeal-a-denied-workers-compensation-claim/index.html]
[francomunoz.com/top-5-mistakes-workers-compensation-lawyers-make-and-how-to-avoid-them/index.html]
[francomunoz.com/the-most-common-workplace-injuries-in-the-bay-area/index.html]
[francomunoz.com/how-to-file-a-workers-comp-claim-in-oakland-a-step-by-step-guide/index.html]
[francomunoz.com/category/workers-compensation-lawyer/page/3/index.html]
[francomunoz.com/2026/02/index.html]
[francomunoz.com/category/workers-compensation-lawyer-2/feed/index.html]
[francomunoz.com/rene-munoz-secures-2-4-million-for-client-in-workers-compensation-case-after-insurance-denial/index.html]
[francomunoz.com/tag/compromise-and-release/feed/index.html]
[francomunoz.com/2026/01/index.html]
[francomunoz.com/tag/resign/feed/index.html]
[francomunoz.com/tag/resignation/feed/index.html]
[francomunoz.com/2025/12/index.html]
[francomunoz.com/tag/settlement/feed/index.html]
[francomunoz.com/2025/11/index.html]
[francomunoz.com/two-ways-to-settle-your-workers-compensation-case/index.html]
[francomunoz.com/2025/10/index.html]
[francomunoz.com/how-to-increase-the-value-of-your-back-injury-case/index.html]
[francomunoz.com/top-10-most-dangerous-jobs-in-the-united-states/index.html]
[francomunoz.com/how-much-is-my-workers-compensation-case-worth/index.html]
[francomunoz.com/2025/09/index.html]
[francomunoz.com/choosing-the-right-brain-injury-attorney-why-expertise-matters/index.html]
[francomunoz.com/the-risky-air-at-teslas-fremont-plant-a-call-for-workplace-safety/index.html]
[francomunoz.com/why-you-need-expert-trucking-accident-lawyers-for-your-case/index.html]
[francomunoz.com/2025/08/index.html]
[francomunoz.com/need-a-workmans-comp-lawyer-understanding-your-rights-and-how-we-can-help/index.html]
[francomunoz.com/when-tragedy-strikes-on-water-the-role-of-a-drowning-accident-lawyer/index.html]
[francomunoz.com/2025/07/index.html]
[francomunoz.com/injured-in-a-lyft-or-uber-accident-trust-our-experienced-rideshare-accident-lawyers/index.html]
[francomunoz.com/2025/06/index.html]
[francomunoz.com/understanding-your-rights-after-a-workplace-injury-a-guide-to-protecting-your-workers-compensation-claim/index.html]
[francomunoz.com/finding-the-best-car-accident-attorney-near-me-in-the-bay-area/index.html]
[francomunoz.com/2025/05/index.html]
[francomunoz.com/2025/04/index.html]
[francomunoz.com/mothers-day-and-cumulative-trauma-highlighting-womens-contributions-and-challenges-in-the-workplace/index.html]
[francomunoz.com/2025/03/index.html]
[francomunoz.com/workplace-fire-and-explosion-injury-claims/index.html]
[francomunoz.com/what-minecraft-the-movie-can-teach-us-about-building-a-strong-workers-compensation-claim/index.html]
[francomunoz.com/san-francisco-workers-what-to-do-if-your-claim-is-denied/index.html]
[francomunoz.com/fighting-for-fair-compensation-what-ufc-fight-night-253-teaches-us-about-workers-compensation-for-multiple-injuries/index.html]
[francomunoz.com/workers-compensation-benefits-bay-area-what-injured-workers-can-receive/index.html]
[francomunoz.com/eclipses-and-invisible-rings-what-the-cosmos-can-teach-us-about-workers-compensation/index.html]
[francomunoz.com/2025/02/index.html]
[francomunoz.com/2025/01/index.html]
[francomunoz.com/6-crucial-tips-for-victims-of-the-los-angeles-pacific-palisades-pasadena-and-altadena-fires/index.html]
[francomunoz.com/understanding-workers-compensation-time-limits-2/index.html]
[francomunoz.com/safeguarding-workers-lessons-from-cal-oshas-citations-against-safeway/index.html]
[francomunoz.com/2024/12/index.html]
[francomunoz.com/do-workwhile-workers-have-a-valid-workers-compensation-case/index.html]
[francomunoz.com/why-you-need-an-18-wheeler-accident-lawyer-for-your-case/index.html]
[francomunoz.com/understanding-brain-injuries-in-the-workplace-how-a-brain-injury-lawyer-can-help/index.html]
[francomunoz.com/2024/11/index.html]
[francomunoz.com/understanding-liability-for-cumulative-trauma-injuries-what-workers-need-to-know/index.html]
[francomunoz.com/why-you-need-a-california-construction-accident-lawyer-for-your-case/index.html]
[francomunoz.com/why-you-need-a-workers-comp-attorney-in-the-bay-area/index.html]
[francomunoz.com/2024/10/index.html]
[francomunoz.com/wcab-extends-voucher-use-time-due-to-covid-19-what-you-need-to-know/index.html]
[francomunoz.com/californias-workers-compensation-rates-set-to-decline-what-this-means-for-injured-workers/index.html]
[francomunoz.com/what-is-the-premises-line-rule-in-workers-compensation/index.html]
[francomunoz.com/the-rising-costs-of-migraine-medications-in-california-workers-compensation-what-you-need-to-know/index.html]
[francomunoz.com/finding-the-best-attorney-for-car-accident-cases/index.html]
[francomunoz.com/2024/09/index.html]
[francomunoz.com/top-5-things-your-lawyer-can-do-to-increase-the-value-of-your-workers-comp-case/index.html]
[francomunoz.com/changing-your-doctor-after-being-discharged-from-care/index.html]
[francomunoz.com/why-you-need-a-car-accident-attorney-in-the-bay-area/index.html]
[francomunoz.com/finding-the-best-motorcycle-accident-lawyer-for-your-case/index.html]
[francomunoz.com/understanding-the-exclusive-remedy-rule-and-claims-against-co-workers/index.html]
[francomunoz.com/is-it-convenient-for-an-insurance-company-to-close-a-workers-compensation-case/index.html]
[francomunoz.com/2024/08/index.html]
[francomunoz.com/7-essential-tips-for-success-in-your-workers-compensation-case/index.html]
[francomunoz.com/top-5-mistakes-workers-compensation-attorneys-make-and-how-to-avoid-them/index.html]
[francomunoz.com/2024/07/index.html]
[francomunoz.com/why-you-need-a-personal-injury-attorney-for-brain-injury-cases/index.html]
[francomunoz.com/understanding-the-role-of-a-qme-state-doctor-and-their-importance-in-your-workers-compensation-case/index.html]
[francomunoz.com/the-essential-guide-to-choosing-the-right-lyft-accident-lawyer/index.html]
[francomunoz.com/workers-compensation-lawyer-how-to-choose-the-best-and-increase-the-value-of-your-case/index.html]
[francomunoz.com/finding-the-right-workers-comp-lawyer-near-me-a-comprehensive-guide/index.html]
[francomunoz.com/2024/06/index.html]
[francomunoz.com/top-10-things-to-look-for-in-a-workers-compensation-lawyer-before-hiring/index.html]
[francomunoz.com/understanding-workers-compensation-benefits-in-assault-cases-the-maravilla-case/index.html]
[francomunoz.com/2023/12/index.html]
[francomunoz.com/2023/09/index.html]
[francomunoz.com/steve-franco-wins-1000000-million-award-for-injured-roofer/index.html]
[francomunoz.com/the-prestigious-inc-5000-has-recognized-franco-/index.html]
[francomunoz.com/2023/07/index.html]
[francomunoz.com/celebrating-a-landmark-court-victory-justice-prevails-for-franco-munoz/index.html]
[francomunoz.com/2022/12/index.html]
[francomunoz.com/2022/08/index.html]
[francomunoz.com/2022/04/index.html]
[francomunoz.com/how-much-can-i-get-for-my-workers-comp-case/index.html]
[francomunoz.com/2021/02/index.html]
[francomunoz.com/what-is-a-deposition-in-my-workers-comp-case/index.html]
[francomunoz.com/tag/deposition/index.html]
[francomunoz.com/tag/workers-compensation/index.html]
[francomunoz.com/2020/11/index.html]
[francomunoz.com/5-reasons-you-need-a-workers-comp-lawyer-in-california/index.html]
[francomunoz.com/tag/denied-claim/index.html]
[francomunoz.com/tag/free-consultation/index.html]
[francomunoz.com/tag/reasons-you-need-a-workers-comp-attorney/index.html]
[francomunoz.com/2020/04/index.html]
[francomunoz.com/tag/workers-comp-benefits/index.html]
[francomunoz.com/did-the-insurance-company-deny-your-workers-comp-claim/index.html]
[francomunoz.com/2020/03/index.html]
[francomunoz.com/top-financial-resources-for-californians-affected-by-covid-19-virus/index.html]
[francomunoz.com/tag/covid-19/index.html]
[francomunoz.com/tag/financial-resources/index.html]
[francomunoz.com/2020/02/index.html]
[francomunoz.com/tag/workers-comp-rights/index.html]
[francomunoz.com/tag/modified-work/index.html]
[francomunoz.com/im-hurt-and-dont-agree-with-the-doctors-work-restrictions-what-are-my-options/index.html]
[francomunoz.com/tag/temporary-total-disability/index.html]
[francomunoz.com/tag/work-restrictions/index.html]
[francomunoz.com/2019/10/index.html]
[francomunoz.com/2019/08/index.html]
[francomunoz.com/i-have-carpal-tunnel-in-my-hands-could-that-be-work-related/index.html]
[francomunoz.com/tag/ama-guides/index.html]
[francomunoz.com/2018/12/index.html]
[francomunoz.com/tag/mild-traumatic-brain-injury/index.html]
[francomunoz.com/tag/mtbi/index.html]
[francomunoz.com/tag/tbi/index.html]
[francomunoz.com/2018/10/index.html]
[francomunoz.com/do-i-have-a-workers-comp-case-if-i-get-injured-driving-to-work/index.html]
[francomunoz.com/2018/08/index.html]
[francomunoz.com/tag/eligible-for-benefits/index.html]
[francomunoz.com/i-work-an-extremely-stressful-job-and-i-suffered-a-heart-attack-am-i-eligible-for-workers-compensation-benefits/index.html]
[francomunoz.com/tag/heart-attack/index.html]
[francomunoz.com/2018/07/index.html]
[francomunoz.com/tag/injury/index.html]
[francomunoz.com/tag/workers-comp/index.html]
[francomunoz.com/tag/stressful-job/index.html]
[francomunoz.com/2018/05/index.html]
[francomunoz.com/tag/dangerous-situation/index.html]
[francomunoz.com/tag/serious-and-willful-misconduct/index.html]
[francomunoz.com/i-was-injured-but-i-think-my-boss-knowingly-put-me-in-a-very-dangerous-situation-is-there-anything-else-that-can-be-done-for-me/index.html]
[francomunoz.com/the-insurance-company-denied-my-claim-but-i-need-medical-treatment-can-i-use-my-private-medical-insurance/index.html]
[francomunoz.com/2018/04/index.html]
[francomunoz.com/tag/medical-treatment/index.html]
[francomunoz.com/im-afraid-i-might-be-fired-because-of-my-injury-can-my-employer-fire-me-2/index.html]
[francomunoz.com/2018/02/index.html]
[francomunoz.com/2017/10/index.html]
[francomunoz.com/i-was-hurt-on-the-job-but-dont-know-what-to-do-what-should-i-do-first/index.html]
[francomunoz.com/the-insurance-company-accepted-my-claim-and-started-paying-me-temporary-disability-benefits-how-long-will-i-receive-these-benefits/index.html]
[francomunoz.com/es/i-was-hurt-on-the-job-but-dont-know-what-to-do-what-should-i-do-first/index.html]
[francomunoz.com/im-afraid-i-might-be-fired-because-of-my-injury-can-my-employer-fire-me/index.html]
[francomunoz.com/category/100-permanent-disability/index.html]
[francomunoz.com/wp-json/wp/v2/categories/781.json]
[francomunoz.com/category/100-permanent-disability/feed/index.html]
[francomunoz.com/category/accident-attorney/index.html]
[francomunoz.com/wp-json/wp/v2/categories/730.json]
[francomunoz.com/category/accident-attorney/feed/index.html]
[francomunoz.com/category/accident-attorney/page/2/index.html]
[francomunoz.com/category/accident-attorney/page/3/index.html]
[francomunoz.com/category/accident-attorney/page/4/index.html]
[francomunoz.com/category/ama-guides/index.html]
[francomunoz.com/wp-json/wp/v2/categories/197.json]
[francomunoz.com/category/ama-guides/feed/index.html]
[francomunoz.com/category/back-injury/index.html]
[francomunoz.com/wp-json/wp/v2/categories/742.json]
[francomunoz.com/category/back-injury/feed/index.html]
[francomunoz.com/category/brain-injury-2/index.html]
[francomunoz.com/wp-json/wp/v2/categories/749.json]
[francomunoz.com/category/brain-injury-2/feed/index.html]
[francomunoz.com/category/burn-injury/index.html]
[francomunoz.com/wp-json/wp/v2/categories/770.json]
[francomunoz.com/category/burn-injury/feed/index.html]
[francomunoz.com/category/cal-osha/index.html]
[francomunoz.com/wp-json/wp/v2/categories/768.json]
[francomunoz.com/category/cal-osha/feed/index.html]
[francomunoz.com/category/car-accident/index.html]
[francomunoz.com/wp-json/wp/v2/categories/728.json]
[francomunoz.com/category/car-accident/feed/index.html]
[francomunoz.com/category/carpal-tunnel/index.html]
[francomunoz.com/wp-json/wp/v2/categories/248.json]
[francomunoz.com/category/carpal-tunnel/feed/index.html]
[francomunoz.com/category/construction-accident-lawyer/index.html]
[francomunoz.com/wp-json/wp/v2/categories/740.json]
[francomunoz.com/category/construction-accident-lawyer/feed/index.html]
[francomunoz.com/category/crps/index.html]
[francomunoz.com/wp-json/wp/v2/categories/253.json]
[francomunoz.com/category/crps/feed/index.html]
[francomunoz.com/category/cumulative-trauma/index.html]
[francomunoz.com/wp-json/wp/v2/categories/245.json]
[francomunoz.com/category/cumulative-trauma/feed/index.html]
[francomunoz.com/category/denied-case/index.html]
[francomunoz.com/wp-json/wp/v2/categories/695.json]
[francomunoz.com/category/denied-case/feed/index.html]
[francomunoz.com/category/denied-claim/index.html]
[francomunoz.com/wp-json/wp/v2/categories/19.json]
[francomunoz.com/category/denied-claim/feed/index.html]
[francomunoz.com/category/drowning-accident/index.html]
[francomunoz.com/wp-json/wp/v2/categories/751.json]
[francomunoz.com/category/drowning-accident/feed/index.html]
[francomunoz.com/category/fire-accident/index.html]
[francomunoz.com/wp-json/wp/v2/categories/771.json]
[francomunoz.com/category/fire-accident/feed/index.html]
[francomunoz.com/category/headaches/index.html]
[francomunoz.com/wp-json/wp/v2/categories/758.json]
[francomunoz.com/category/headaches/feed/index.html]
[francomunoz.com/category/heart-attacks/index.html]
[francomunoz.com/wp-json/wp/v2/categories/8.json]
[francomunoz.com/category/heart-attacks/feed/index.html]
[francomunoz.com/category/independent-contractor/index.html]
[francomunoz.com/wp-json/wp/v2/categories/761.json]
[francomunoz.com/category/independent-contractor/feed/index.html]
[francomunoz.com/es/category/contratista-independiente/index.html]
[francomunoz.com/category/injury-lawyer/index.html]
[francomunoz.com/wp-json/wp/v2/categories/744.json]
[francomunoz.com/category/injury-lawyer/feed/index.html]
[francomunoz.com/category/legal-strategy/index.html]
[francomunoz.com/wp-json/wp/v2/categories/721.json]
[francomunoz.com/category/legal-strategy/feed/index.html]
[francomunoz.com/category/lyft-accident-lawyer/index.html]
[francomunoz.com/wp-json/wp/v2/categories/754.json]
[francomunoz.com/category/lyft-accident-lawyer/feed/index.html]
[francomunoz.com/category/medical-treatment/index.html]
[francomunoz.com/wp-json/wp/v2/categories/719.json]
[francomunoz.com/category/medical-treatment/feed/index.html]
[francomunoz.com/category/million-dollar-case/index.html]
[francomunoz.com/wp-json/wp/v2/categories/317.json]
[francomunoz.com/category/million-dollar-case/feed/index.html]
[francomunoz.com/category/motorcycle-accident-lawyer/index.html]
[francomunoz.com/wp-json/wp/v2/categories/736.json]
[francomunoz.com/category/motorcycle-accident-lawyer/feed/index.html]
[francomunoz.com/category/neck-injury/index.html]
[francomunoz.com/wp-json/wp/v2/categories/780.json]
[francomunoz.com/category/neck-injury/feed/index.html]
[francomunoz.com/category/personal-injury-attorney/index.html]
[francomunoz.com/wp-json/wp/v2/categories/729.json]
[francomunoz.com/category/personal-injury-attorney/feed/index.html]
[francomunoz.com/category/qme/index.html]
[francomunoz.com/wp-json/wp/v2/categories/756.json]
[francomunoz.com/category/qme/feed/index.html]
[francomunoz.com/category/resources-for-injured-workers/index.html]
[francomunoz.com/wp-json/wp/v2/categories/505.json]
[francomunoz.com/category/resources-for-injured-workers/feed/index.html]
[francomunoz.com/category/serious-willful/index.html]
[francomunoz.com/wp-json/wp/v2/categories/18.json]
[francomunoz.com/category/serious-willful/feed/index.html]
[francomunoz.com/category/sports-injury/index.html]
[francomunoz.com/wp-json/wp/v2/categories/765.json]
[francomunoz.com/category/sports-injury/feed/index.html]
[francomunoz.com/category/temporary-disability/index.html]
[francomunoz.com/wp-json/wp/v2/categories/722.json]
[francomunoz.com/category/temporary-disability/feed/index.html]
[francomunoz.com/es/category/incapacidad-temporal/index.html]
[francomunoz.com/category/tesla/index.html]
[francomunoz.com/wp-json/wp/v2/categories/776.json]
[francomunoz.com/category/tesla/feed/index.html]
[francomunoz.com/category/traumatic-brain-injury-tbi/index.html]
[francomunoz.com/wp-json/wp/v2/categories/196.json]
[francomunoz.com/category/traumatic-brain-injury-tbi/feed/index.html]
[francomunoz.com/category/truck-accident-attorney/index.html]
[francomunoz.com/wp-json/wp/v2/categories/738.json]
[francomunoz.com/category/truck-accident-attorney/feed/index.html]
[francomunoz.com/category/uncategorized/index.html]
[francomunoz.com/wp-json/wp/v2/categories/1.json]
[francomunoz.com/category/uncategorized/feed/index.html]
[francomunoz.com/category/uncategorized/page/2/index.html]
[francomunoz.com/category/violent-injuries/index.html]
[francomunoz.com/wp-json/wp/v2/categories/717.json]
[francomunoz.com/category/violent-injuries/feed/index.html]
[francomunoz.com/category/whole-person-impairment-wpi/index.html]
[francomunoz.com/wp-json/wp/v2/categories/198.json]
[francomunoz.com/category/whole-person-impairment-wpi/feed/index.html]
[francomunoz.com/category/work-injury-attorney/index.html]
[francomunoz.com/wp-json/wp/v2/categories/746.json]
[francomunoz.com/category/work-injury-attorney/feed/index.html]
[francomunoz.com/category/work-injury-attorney/page/2/index.html]
[francomunoz.com/category/work-restrictions/index.html]
[francomunoz.com/wp-json/wp/v2/categories/441.json]
[francomunoz.com/category/work-restrictions/feed/index.html]
[francomunoz.com/category/workers-comp-case/index.html]
[francomunoz.com/wp-json/wp/v2/categories/713.json]
[francomunoz.com/es/Firefox/index.html]
[francomunoz.com/category/workers-comp-case/feed/index.html]
[francomunoz.com/category/workers-comp-case/page/2/index.html]
[francomunoz.com/es/wp-json/oembed/1.0/embedcedc.json]
[francomunoz.com/es/wp-json/oembed/1.0/embed3a05]
[francomunoz.com/es/historial-de-exitos/index.html]
[francomunoz.com/es/wp-json/wp/v2/pages/780.json]
[francomunoz.com/es/wp-json/oembed/1.0/embede77b.json]
[francomunoz.com/es/wp-json/oembed/1.0/embed0019]
[francomunoz.com/es/sobre-nosotros/index.html]
[francomunoz.com/es/wp-json/wp/v2/pages/783.json]
[francomunoz.com/wp-content/uploads/2024/04/city.jpg]
[francomunoz.com/es/wp-json/oembed/1.0/embed749b.json]
[francomunoz.com/es/wp-json/oembed/1.0/embed27a2]
[francomunoz.com/es/sobre-nosotros/nuestra-mision/index.html]
[francomunoz.com/es/wp-json/wp/v2/pages/786.json]
[francomunoz.com/es/wp-json/oembed/1.0/embed3464.json]
[francomunoz.com/es/por-que-el-bufete-de-abogados-franco-munoz-es-el-mejor-abogado-de-compensacion-para-trabajadores-para-su-caso/index.html]
[francomunoz.com/es/wp-json/oembed/1.0/embed0973]
[francomunoz.com/es/sobre-nosotros/abogados/index.html]
[francomunoz.com/es/wp-json/wp/v2/pages/262.json]
[francomunoz.com/es/steve-franco/index.html]
[francomunoz.com/es/rene-munoz/index.html]
[francomunoz.com/es/Estela-Barajas/index.html]
[francomunoz.com/es/daniel-alvarez/index.html]
[francomunoz.com/es/wp-json/oembed/1.0/embedc6a4.json]
[francomunoz.com/es/laura-stephan/index.html]
[francomunoz.com/es/wp-json/oembed/1.0/embedbc2f]
[francomunoz.com/es/sobre-nosotros/equipo-directivo/index.html]
[francomunoz.com/es/wp-json/wp/v2/pages/1005.json]
[francomunoz.com/es/wp-json/oembed/1.0/embedef3b.json]
[francomunoz.com/es/wp-json/oembed/1.0/embed362d]
[francomunoz.com/es/sobre-nosotros/carreras-profesionales/index.html]
[francomunoz.com/es/wp-json/wp/v2/pages/797.json]
[francomunoz.com/es/wp-json/oembed/1.0/embed7feb.json]
[francomunoz.com/es/wp-json/oembed/1.0/embede9ba]
[francomunoz.com/es/sobre-nosotros/prensa/index.html]
[francomunoz.com/es/wp-json/wp/v2/pages/1065.json]
[francomunoz.com/es/wp-json/oembed/1.0/embedac30.json]
[francomunoz.com/es/wp-json/oembed/1.0/embed2fa7]
[francomunoz.com/es/compensacion-de-trabajadores/index.html]
[francomunoz.com/es/wp-json/wp/v2/pages/520.json]
[francomunoz.com/es/wp-json/oembed/1.0/embed9bb1.json]
[francomunoz.com/es/wp-json/oembed/1.0/embed68d7]
[francomunoz.com/es/compensacion-de-trabajadores/trabajador-de-amazon-lesionado/index.html]
[francomunoz.com/es/wp-json/wp/v2/pages/2087.json]
[francomunoz.com/wp-content/webp-express/webp-images/doc-root/wp-content/uploads/2026/03/construction-brain-injury-683x1024.png.webp]
[francomunoz.com/es/wp-json/oembed/1.0/embed85a6.json]
[francomunoz.com/es/entendiendo-el-papel-de-un-abogado-de-accidentes-de-construccion-en-la-ley-de-lesiones-personales-y-la-compensacion-de-trabajadores/index.html]
[francomunoz.com/es/wp-json/oembed/1.0/embed5a63]
[francomunoz.com/es/compensacion-de-trabajadores/lesiones-cerebrales/index.html]
[francomunoz.com/es/wp-json/wp/v2/pages/550.json]
[francomunoz.com/wp-content/webp-express/webp-images/doc-root/wp-content/uploads/2026/03/auto-worker-photo-1024x683.png.webp]
[francomunoz.com/es/wp-json/oembed/1.0/embed2b6c.json]
[francomunoz.com/es/tienen-los-trabajadores-de-workwhile-un-caso-valido-de-compensacion-para-trabajadores/index.html]
[francomunoz.com/es/wp-json/oembed/1.0/embedaeb9]
[francomunoz.com/es/compensacion-de-trabajadores/trabajadores-automotriz/index.html]
[francomunoz.com/es/wp-json/wp/v2/pages/553.json]
[francomunoz.com/es/wp-json/oembed/1.0/embed87bc.json]
[francomunoz.com/es/wp-json/oembed/1.0/embede95d]
[francomunoz.com/es/wp-json/wp/v2/pages/557.json]
[francomunoz.com/wp-content/uploads/2026/03/MVA-spanish-WC-image-1024x683.png]
[francomunoz.com/es/compensacion-de-trabajadores/abogado-accidente-auto-trabajo-california/index.html]
[francomunoz.com/es/wp-json/oembed/1.0/embed8b8e.json]
[francomunoz.com/es/comprendiendo-sus-derechos-despues-de-una-lesion-en-el-lugar-de-trabajo-una-guia-para-proteger-su-reclamacion-de-compensacion-para-trabajadores/index.html]
[francomunoz.com/es/wp-json/oembed/1.0/embeddbf2]
[francomunoz.com/es/wp-json/wp/v2/pages/558.json]
[francomunoz.com/wp-content/uploads/2026/03/heart-attack-work-683x1024.png]
[francomunoz.com/es/compensacion-de-trabajadores/lesion-del-corazon/index.html]
[francomunoz.com/wp-content/webp-express/webp-images/doc-root/wp-content/uploads/2020/05/new-slide-bg-435x225.jpg.webp]
[francomunoz.com/es/wp-json/oembed/1.0/embed6f5a.json]
[francomunoz.com/es/wp-json/oembed/1.0/embedfdb1]
[francomunoz.com/es/compensacion-de-trabajadores/como-se-resuelve-mi-caso-de-compensacion-laboral/index.html]
[francomunoz.com/es/wp-json/wp/v2/pages/560.json]
[francomunoz.com/wp-content/webp-express/webp-images/doc-root/wp-content/uploads/2026/03/2557f4c0-1450-4a90-9608-3a4669126554-1024x683.png.webp]
[francomunoz.com/es/wp-json/oembed/1.0/embed1e18.json]
[francomunoz.com/es/wp-json/oembed/1.0/embedbb8c]
[francomunoz.com/es/wp-json/wp/v2/pages/580.json]
[francomunoz.com/wp-content/uploads/2026/03/2557f4c0-1450-4a90-9608-3a4669126554-1024x683.png]
[francomunoz.com/es/compensacion-de-trabajadores/accidentes-de-construccion/index.html]
[francomunoz.com/es/como-determinar-el-nivel-de-discapacidad-para-una-lesion-de-espalda-en-casos-de-compensacion-laboral/index.html]
[francomunoz.com/es/tu-derecho-a-la-atencion-medica-por-que-un-sistema-de-seguridad-cuenta-en-la-compensacion-laboral/index.html]
[francomunoz.com/es/wp-json/oembed/1.0/embed133e.json]
[francomunoz.com/es/reciente-caso-de-compensacion-laboral-muestra-la-importancia-de-una-evaluacion-precisa-de-la-discapacidad/index.html]
[francomunoz.com/es/wp-json/oembed/1.0/embedaf1d]
[francomunoz.com/es/wp-json/wp/v2/pages/2095.json]
[francomunoz.com/wp-content/uploads/2026/04/Grua-Spanish-1-1024x683.jpg]
[francomunoz.com/es/compensacion-de-trabajadores/accidentes-de-construccion/accidentes-de-grua/index.html]
[francomunoz.com/es/wp-json/oembed/1.0/embeda426.json]
[francomunoz.com/es/wp-json/oembed/1.0/embede162]
[francomunoz.com/es/wp-json/wp/v2/pages/2097.json]
[francomunoz.com/wp-content/uploads/2026/04/Montecargas-Spanish-1-1024x683.jpg]
[francomunoz.com/es/compensacion-de-trabajadores/accidentes-de-construccion/accidentes-de-montacargas/index.html]
[francomunoz.com/es/wp-json/oembed/1.0/embeda2e6.json]
[francomunoz.com/es/wp-json/oembed/1.0/embed6a9f]
[francomunoz.com/es/wp-json/wp/v2/pages/2102.json]
[francomunoz.com/wp-content/uploads/2026/04/soldura.jpg]
[francomunoz.com/es/compensacion-de-trabajadores/accidentes-de-construccion/accidentes-de-soldadura/index.html]
[francomunoz.com/es/wp-json/oembed/1.0/embed37d9.json]
[francomunoz.com/es/wp-json/oembed/1.0/embed864c]
[francomunoz.com/es/compensacion-de-trabajadores/deportistas-profesionales1/index.html]
[francomunoz.com/es/wp-json/wp/v2/pages/1088.json]
[francomunoz.com/es/wp-json/oembed/1.0/embedba5d.json]
[francomunoz.com/es/wp-json/oembed/1.0/embedb944]
[francomunoz.com/es/compensacion-de-trabajadores/tratando-con-su-lesion-laboral/index.html]
[francomunoz.com/es/wp-json/wp/v2/pages/1090.json]
[francomunoz.com/wp-content/webp-express/webp-images/doc-root/wp-content/themes/Franco/images/site-logo-spanish.png.webp]
[francomunoz.com/es/wp-json/oembed/1.0/embed143d.json]
[francomunoz.com/es/wp-json/oembed/1.0/embed2643]
[francomunoz.com/es/wp-json/wp/v2/pages/1130.json]
[francomunoz.com/wp-content/themes/Franco/images/site-logo-spanish.png]
[francomunoz.com/es/firma-de-abogados-lesiones-personales-de-california/index.html]
[francomunoz.com/es/contacto/index.html]
[francomunoz.com/es/wp-json/oembed/1.0/embed7b61.json]
[francomunoz.com/es/entendiendo-el-papel-de-un-abogado-de-lesiones-personales-y-un-abogado-de-accidentes-de-auto/index.html]
[francomunoz.com/es/wp-json/oembed/1.0/embedc03b]
[francomunoz.com/es/firma-de-abogados-lesiones-personales-de-california/el-mejor-abogado-de-accidentes-de-auto/index.html]
[francomunoz.com/es/wp-json/wp/v2/pages/1136.json]
[francomunoz.com/es/wp-json/oembed/1.0/embedb95f.json]
[francomunoz.com/es/wp-json/oembed/1.0/embed6419]
[francomunoz.com/es/firma-de-abogados-lesiones-personales-de-california/es-abogado-lesion-cerebral-traumatica-california/index.html]
[francomunoz.com/es/wp-json/wp/v2/pages/1093.json]
[francomunoz.com/es/wp-json/oembed/1.0/embed482e.json]
[francomunoz.com/es/wp-json/oembed/1.0/embed7fab]
[francomunoz.com/es/nuestras-ubicaciones/index.html]
[francomunoz.com/es/wp-json/wp/v2/pages/801.json]
[francomunoz.com/es/wp-json/oembed/1.0/embedccac.json]
[francomunoz.com/es/wp-json/oembed/1.0/embed6a45]
[francomunoz.com/es/san-jose-workers-compensation/index.html]
[francomunoz.com/es/wp-json/wp/v2/pages/1609.json]
[francomunoz.com/es/wp-json/oembed/1.0/embed3300.json]
[francomunoz.com/es/wp-json/oembed/1.0/embed59bc]
[francomunoz.com/es/recursos/index.html]
[francomunoz.com/es/wp-json/wp/v2/pages/266.json]
[francomunoz.com/es/compensacion-laboral/index.html]
[francomunoz.com/es/cuanto-dinero-puedo-recibir-por-mi-caso-de-lesiones-personales-en-california/index.html]
[francomunoz.com/es/liderando-con-vision-steve-franco-sobre-innovacion-legal-y-mentoria/index.html]
[francomunoz.com/es/como-cerrar-su-caso-de-compensacion-laboral-en-2026-una-guia-para-tomar-la-mejor-decision/index.html]
[francomunoz.com/es/accidentes-de-auto/index.html]
[francomunoz.com/es/como-probar-incapacidad-permanente-total-100-en-un-caso-de-compensacion-laboral-en-california/index.html]
[francomunoz.com/es/navegando-el-proceso-de-compensacion-para-trabajadores-una-guia-para-trabajadores-lesionados/index.html]
[francomunoz.com/es/como-aumentar-el-valor-de-su-caso-de-lesion-de-cuello/index.html]
[francomunoz.com/es/lesiones-en-el-trabajo/index.html]
[francomunoz.com/es/acuerdo-de-800000-para-trabajador-lesionado-en-caida-mientras-instalaba-ventanas/index.html]
[francomunoz.com/es/recursos/page/2/index.html]
[francomunoz.com/es/recursos/page/3/index.html]
[francomunoz.com/es/encontrar-al-mejor-abogado-para-casos-de-accidentes-de-auto/index.html]
[francomunoz.com/es/compensacion-laboral-para-atletas-lecciones-del-super-bowl-y-el-impacto-oculto-de-las-lesiones-en-la-cabeza/index.html]
[francomunoz.com/es/wp-json/oembed/1.0/embed4107.json]
[francomunoz.com/es/comprender-las-lesiones-cerebrales-en-el-trabajo-como-puede-ayudar-un-abogado-de-lesiones-cerebrales/index.html]
[francomunoz.com/es/testimonials/john/index.html]
[francomunoz.com/es/wp-json/oembed/1.0/embed6e7e]
[francomunoz.com/es/wp-json/oembed/1.0/embed77a1.json]
[francomunoz.com/es/testimonials/chris/index.html]
[francomunoz.com/es/wp-json/oembed/1.0/embedb940]
[francomunoz.com/es/wp-json/oembed/1.0/embed75cc.json]
[francomunoz.com/es/testimonials/__trashed/index.html]
[francomunoz.com/es/wp-json/oembed/1.0/embededd6]
[francomunoz.com/es/wp-json/oembed/1.0/embed59a4.json]
[francomunoz.com/es/wp-json/oembed/1.0/embed1e6e]
[francomunoz.com/es/wp-json/wp/v2/posts/2187.json]
[francomunoz.com/es/lo-pueden-despedir-por-presentar-un-reclamo-de-compensacion-laboral/index.html]
[francomunoz.com/es/wp-json/oembed/1.0/embed003c.json]
[francomunoz.com/es/wp-json/oembed/1.0/embed4ff5]
[francomunoz.com/es/the-initial-physical-aggressor-defense/index.html]
[francomunoz.com/es/wp-json/wp/v2/posts/1201.json]
[francomunoz.com/es/wp-json/oembed/1.0/embed9fec.json]
[francomunoz.com/es/wp-json/oembed/1.0/embeddaf8]
[francomunoz.com/es/vacaciones-compensacion-laboral-california/index.html]
[francomunoz.com/signals/config/index.html]
[francomunoz.com/es/wp-json/wp/v2/posts/2163.json]
[francomunoz.com/wp-json/oembed/1.0/embed8dca.json]
[francomunoz.com/wp-json/oembed/1.0/embede470]
[francomunoz.com/es/como-evaluamos-una-lesion-cerebral-traumatica/index.html]
[francomunoz.com/tbi-primer-how-do-we-evaluate-a-traumatic-brain-injury/index.html]
[francomunoz.com/wp-json/wp/v2/posts/449.json]
[francomunoz.com/wp-json/oembed/1.0/embed8b63.json]
[francomunoz.com/wp-json/oembed/1.0/embed4ae6]
[francomunoz.com/personal-injury/eaton-fire-attorneys/index.html]
[francomunoz.com/signals/plugins/index.html]
[francomunoz.com/schema.org/index.html]
[francomunoz.com/signals/iwl.html]
[francomunoz.com/signals/iwl0fc5.html]
[francomunoz.com/oakland-workers-compensation-case-results/Firefox/index.html]
[francomunoz.com/index5723.html]
[francomunoz.com/wp-json/wp/v2/pages/1708.json]
[francomunoz.com/wp-json/oembed/1.0/embed16e5.json]
[francomunoz.com/wp-json/oembed/1.0/embedc975]
[francomunoz.com/contact/index.html]
[francomunoz.com/top-workers-compensation-lawyers-california/Firefox/index.html]
[francomunoz.com/index8bfb.html]
[francomunoz.com/es/top-workers-compensation-lawyers-california/index.html]
[francomunoz.com/workplace-injury-claims/index.html]
[francomunoz.com/medical-treatment-for-workers-comp-cases/index.html]
[francomunoz.com/top-workers-compensation-lawyers-california/mission-statement/Firefox/index.html]
[francomunoz.com/index52c0.html]
[francomunoz.com/top-workers-compensation-lawyers-california/california-workers-compensation-attorneys/Firefox/index.html]
[francomunoz.com/index0b69.html]
[francomunoz.com/wp-json/wp/v2/pages/8.json]
[francomunoz.com/wp-json/oembed/1.0/embed542c.json]
[francomunoz.com/wp-json/oembed/1.0/embedcc2d]
[francomunoz.com/steve-franco/index.html]
[francomunoz.com/wp-json/wp/v2/pages/159.json]
[francomunoz.com/es/estela-barajas/index-2.html]
[francomunoz.com/wp-json/oembed/1.0/embed0a5d.json]
[francomunoz.com/estela-barajas/index-2.html]
[francomunoz.com/wp-json/oembed/1.0/embeda9a3]
[francomunoz.com/wp-content/plugins/genesis-simple-share/assets/css/share.minc5da.css]
[francomunoz.com/wp-content/plugins/genesis-simple-share/assets/css/genericons.minc5da.css]
[francomunoz.com/wp-content/themes/Franco/stylec721.css]
[francomunoz.com/wp-content/plugins/ml-slider/admin/assets/dist/css/editor-blockc16b.css]
[francomunoz.com/wp-content/plugins/kk-star-ratings/src/core/public/css/kk-star-ratings.minf24c.css]
[francomunoz.com/wp-content/plugins/siteorigin-panels/css/front-flex.mine433.css]
[francomunoz.com/wp-content/uploads/siteorigin-widgets/sow-image-default-c67d20f9f743-65142a0.css]
[francomunoz.com/wp-content/plugins/widget-options/assets/css/widget-optionsd19b.css]
[francomunoz.com/wp-content/plugins/wpml-cms-nav/res/css/cms-navigation-base0322.css]
[francomunoz.com/wp-content/plugins/wpml-cms-nav/res/css/cms-navigation0322.css]
[francomunoz.com/wp-content/plugins/easy-fancybox/fancybox/1.5.4/jquery.fancybox.min42a0.css]
[francomunoz.com/wp-includes/js/jquery/jquery.minf43b.js]
[francomunoz.com/wp-includes/js/jquery/jquery-migrate.min5589.js]
[francomunoz.com/wp-content/plugins/genesis-simple-share/assets/js/sharrre/jquery.sharrre.minc5da.js]
[francomunoz.com/wp-content/plugins/genesis-simple-share/assets/js/waypoints.minc5da.js]
[francomunoz.com/wp-content/themes/Franco/js/responsive-menu8a54.js]
[francomunoz.com/wp-content/themes/Franco/js/jquery.waypoints.min42a0.js]
[francomunoz.com/wp-content/themes/Franco/js/jquery.counterup42a0.js]
[francomunoz.com/wp-content/themes/Franco/js/custom42a0.js]
[francomunoz.com/wp-content/plugins/official-facebook-pixel/js/facebook_signal7752.js]
[francomunoz.com/wp-json/wp/v2/pages/651.json]
[francomunoz.com/wp-content/plugins/wpforms/assets/css/frontend/classic/wpforms-full.minae43.css]
[francomunoz.com/wp-content/plugins/kk-star-ratings/src/core/public/js/kk-star-ratings.minf24c.js]
[francomunoz.com/wp-content/plugins/livemesh-siteorigin-widgets/assets/js/lsow-frontend.min2e46.js]
[francomunoz.com/wp-content/plugins/easy-fancybox/vendor/purify.min42a0.js]
[francomunoz.com/wp-content/plugins/easy-fancybox/fancybox/1.5.4/jquery.fancybox.min42a0.js]
[francomunoz.com/wp-content/plugins/wpforms/assets/js/frontend/wpforms.minae43.js]
[francomunoz.com/wp-content/plugins/wpforms/assets/pro/js/frontend/fields/custom-captcha.minae43.js]
[francomunoz.com/wp-content/plugins/wpforms/assets/pro/js/frontend/fields/phone.minae43.js]
[francomunoz.com/wp-content/plugins/wpforms/assets/lib/jquery.validate.min3c17.js]
[francomunoz.com/wp-content/plugins/wpforms/assets/lib/jquery.inputmask.mind6ea.js]
[francomunoz.com/wp-content/plugins/wpforms/assets/lib/mailcheck.mincfa9.js]
[francomunoz.com/wp-content/plugins/wpforms/assets/lib/punycode.min8a54.js]
[francomunoz.com/wp-content/plugins/wpforms/assets/js/share/utils.minae43.js]
[francomunoz.com/wp-content/plugins/wpforms/assets/js/frontend/analytics.minae43.js]
[francomunoz.com/wp-content/plugins/wpforms/assets/pro/js/frontend/analytics-pro.minae43.js]
[francomunoz.com/Estela-Barajas/index.html]
[francomunoz.com/wp-content/plugins/wpforms/assets/js/frontend/fields/address.minae43.js]
[francomunoz.com/wp-json/oembed/1.0/embedf1d0.json]
[francomunoz.com/wp-json/oembed/1.0/embedc0d5]
[francomunoz.com/daniel-alvarez/index.html]
[francomunoz.com/wp-json/wp/v2/pages/837.json]
[francomunoz.com/wp-json/oembed/1.0/embed6f5e.json]
[francomunoz.com/wp-json/oembed/1.0/embed31e2]
[francomunoz.com/rene-munoz/index.html]
[francomunoz.com/wp-json/wp/v2/pages/141.json]
[francomunoz.com/wp-json/oembed/1.0/embed5e3d.json]
[francomunoz.com/wp-json/oembed/1.0/embed58f4]
[francomunoz.com/laura-stephan/index.html]
[francomunoz.com/top-workers-compensation-lawyers-california/executive-team/Firefox/index.html]
[francomunoz.com/indexc052.html]
[francomunoz.com/wp-json/wp/v2/pages/653.json]
[francomunoz.com/wp-json/oembed/1.0/embed0e8d.json]
[francomunoz.com/wp-json/oembed/1.0/embedf51f]
[francomunoz.com/top-workers-compensation-lawyers-california/executive-team/cristina-bolanos/index.html]
[francomunoz.com/wp-json/wp/v2/pages/1140.json]
[francomunoz.com/wp-json/oembed/1.0/embed6946.json]
[francomunoz.com/wp-json/oembed/1.0/embed14bb]
[francomunoz.com/top-workers-compensation-lawyers-california/executive-team/yahaira-hernandez/index.html]
[francomunoz.com/wp-json/wp/v2/pages/1151.json]
[francomunoz.com/wp-json/oembed/1.0/embed4ab2.json]
[francomunoz.com/wp-json/oembed/1.0/embeda2cc]
[francomunoz.com/wp-json/wp/v2/pages/1829.json]
[francomunoz.com/wp-content/uploads/2025/07/fatima-1.jpg]
[francomunoz.com/top-workers-compensation-lawyers-california/executive-team/fatima-lopez/index.html]
[francomunoz.com/wp-json/oembed/1.0/embed5fee.json]
[francomunoz.com/wp-json/oembed/1.0/embedb577]
[francomunoz.com/top-workers-compensation-lawyers-california/executive-team/daniela-perez/index.html]
[francomunoz.com/top-workers-compensation-lawyers-california/careers/Firefox/index.html]
[francomunoz.com/index25b8.html]
[francomunoz.com/about/careers/attorney-entry-wc/index.html]
[francomunoz.com/wp-json/wp/v2/pages/1147.json]
[francomunoz.com/about/careers/attorney-wc/index.html]
[francomunoz.com/top-workers-compensation-lawyers-california/attorneyreferrals/Firefox/index.html]
[francomunoz.com/index975b.html]
[francomunoz.com/es/top-workers-compensation-lawyers-california/attorneyreferrals/index.html]
[francomunoz.com/top-workers-compensation-lawyers-california/newsroom/Firefox/index.html]
[francomunoz.com/index8600.html]
[francomunoz.com/top-workers-compensation-lawyers-california/diversity-equity-inclusion/Firefox/index.html]
[francomunoz.com/index70ff.html]
[francomunoz.com/es/top-workers-compensation-lawyers-california/diversity-equity-inclusion/index.html]
[francomunoz.com/workers-compensation/Firefox/index.html]
[francomunoz.com/indexda6e.html]
[francomunoz.com/how-do-i-close-my-workers-comp-case/index.html]
[francomunoz.com/oakland-workers-comp-lawyers/index.html]
[francomunoz.com/workers-compensation-system-explained/index.html]
[francomunoz.com/workers-compensation/oakland-amazon-workers-compensation-attorney/Firefox/index.html]
[francomunoz.com/index7ca3.html]
[francomunoz.com/es/workers-compensation/oakland-amazon-workers-compensation-attorney/index.html]
[francomunoz.com/top-workers-compensation-lawyers-california/careers/attorney-entry-wc/index.html]
[francomunoz.com/wp-json/oembed/1.0/embed676f.json]
[francomunoz.com/wp-json/oembed/1.0/embedadd5]
[francomunoz.com/how-to-determine-the-level-of-disability-for-a-back-injury-in-workers-compensation-cases/index.html]
[francomunoz.com/wp-json/wp/v2/posts/1280.json]
[francomunoz.com/wp-json/oembed/1.0/embed9c2c.json]
[francomunoz.com/wp-json/oembed/1.0/embed34f0]
[francomunoz.com/wp-json/wp/v2/posts/1236.json]
[francomunoz.com/wp-content/uploads/2024/06/lawyer-with-worker.png]
[francomunoz.com/why-franco-munoz-law-firm-is-the-best-workers-compensation-lawyer-for-your-case/index.html]
[francomunoz.com/wp-json/oembed/1.0/embed4275.json]
[francomunoz.com/wp-json/oembed/1.0/embed51f7]
[francomunoz.com/es/entendiendo-la-importancia-de-un-abogado-de-accidentes-de-auto/index.html]
[francomunoz.com/wp-json/wp/v2/posts/1286.json]
[francomunoz.com/wp-content/uploads/2024/06/car-accident-lawyer-1-1024x586.jpg]
[francomunoz.com/understanding-the-importance-of-a-car-accident-lawyer/index.html]
[francomunoz.com/wp-json/oembed/1.0/embedeb73.json]
[francomunoz.com/wp-json/oembed/1.0/embed914c]
[francomunoz.com/wp-json/wp/v2/posts/1658.json]
[francomunoz.com/wp-content/uploads/2025/01/football-intake.jpg]
[francomunoz.com/workers-compensation-for-athletes-lessons-from-the-super-bowl-and-the-hidden-impact-of-head-injuries/index.html]
[francomunoz.com/workers-compensation/brain-injuries/Firefox/index.html]
[francomunoz.com/indexa5f2.html]
[francomunoz.com/wp-json/oembed/1.0/embed498b.json]
[francomunoz.com/wp-json/oembed/1.0/embed5fc6]
[francomunoz.com/your-right-to-medical-care-why-a-security-system-counts-in-workers-comp/index.html]
[francomunoz.com/wp-json/wp/v2/posts/1176.json]
[francomunoz.com/wp-json/oembed/1.0/embed544c.json]
[francomunoz.com/wp-json/oembed/1.0/embedce0e]
[francomunoz.com/recent-workers-compensation-case-shows-importance-of-accurate-impairment-evaluation/index.html]
[francomunoz.com/wp-json/wp/v2/posts/1184.json]
[francomunoz.com/wp-json/oembed/1.0/embed6e52.json]
[francomunoz.com/wp-json/oembed/1.0/embed4926]
[francomunoz.com/wp-json/wp/v2/posts/1433.json]
[francomunoz.com/wp-content/uploads/2026/04/explainer-video-909x1024.png]
[francomunoz.com/navigating-the-workers-compensation-process-a-guide-for-injured-workers/index.html]
[francomunoz.com/workers-compensation/auto-workers/Firefox/index.html]
[francomunoz.com/indexcfe8.html]
[francomunoz.com/workers-compensation/motor-vehicle-accidents/Firefox/index.html]
[francomunoz.com/index6a35.html]
[francomunoz.com/workers-compensation/heart-injuries/Firefox/index.html]
[francomunoz.com/index0745.html]
[francomunoz.com/workers-compensation/how-do-i-close-my-workers-comp-case/Firefox/index.html]
[francomunoz.com/indexc182.html]
[francomunoz.com/wp-json/oembed/1.0/embed213a.json]
[francomunoz.com/wp-json/oembed/1.0/embed1dc3]
[francomunoz.com/wp-json/wp/v2/posts/1417.json]
[francomunoz.com/es/cuanto-vale-mi-caso-de-compensacion-para-trabajadores-en-california/index.html]
[francomunoz.com/wp-content/uploads/2024/07/how-much.jpg]
[francomunoz.com/how-much-is-my-workers-comp-case-worth-in-california/index.html]
[francomunoz.com/wp-json/oembed/1.0/embed9a09.json]
[francomunoz.com/wp-json/oembed/1.0/embedaef4]
[francomunoz.com/wp-json/wp/v2/posts/1321.json]
[francomunoz.com/wp-content/uploads/2024/06/construction-1024x586.png]
[francomunoz.com/understanding-the-role-of-a-construction-accident-lawyer-in-personal-injury-and-workers-compensation-law/index.html]
[francomunoz.com/workers-compensation/construction-accidents/Firefox/index.html]
[francomunoz.com/indexc74d.html]
[francomunoz.com/how-to-close-my-workers-comp-case/index.html]
[francomunoz.com/workers-compensation/construction-accidents/crane-accidents/Firefox/index.html]
[francomunoz.com/index5b4f.html]
[francomunoz.com/es/workers-compensation/construction-accidents/crane-accidents/index.html]
[francomunoz.com/wp-json/oembed/1.0/embed01ca.json]
[francomunoz.com/wp-json/oembed/1.0/embed125b]
[francomunoz.com/es/entendiendo-el-impacto-de-los-cambios-en-el-salario-minimo-de-california-en-las-tasas-de-incapacidad-temporal/index.html]
[francomunoz.com/wp-json/wp/v2/posts/1202.json]
[francomunoz.com/wp-content/uploads/2024/06/chart-1020x1024.jpg]
[francomunoz.com/understanding-the-impact-of-california-minimum-wage-changes-on-temporary-disability-rates/index.html]
[francomunoz.com/wp-json/oembed/1.0/embedd794.json]
[francomunoz.com/wp-json/oembed/1.0/embed6f19]
[francomunoz.com/es/como-encontrar-al-abogado-adecuado-para-su-caso-de-lesiones-personales-por-accidente-de-trafico/index.html]
[francomunoz.com/how-to-find-the-right-car-accident-attorney-for-your-personal-injury-case/index.html]
[francomunoz.com/workers-compensation/construction-accidents/forklift-accidents/Firefox/index.html]
[francomunoz.com/index1914.html]
[francomunoz.com/es/workers-compensation/construction-accidents/forklift-accidents/index.html]
[francomunoz.com/wp-json/wp/v2/posts/1243.json]
[francomunoz.com/workers-compensation/construction-accidents/welding-accidents/Firefox/index.html]
[francomunoz.com/indexc7d1.html]
[francomunoz.com/es/workers-compensation/construction-accidents/welding-accidents/index.html]
[francomunoz.com/workers-compensation/professional-athletes/Firefox/index.html]
[francomunoz.com/indexca55.html]
[francomunoz.com/workers-compensation/how-to-close-my-workers-comp-case/index.html]
[francomunoz.com/workers-compensation/workers-compensation-what-to-do-after-work-injury-california/Firefox/index.html]
[francomunoz.com/index0849.html]
[francomunoz.com/personal-injury/Firefox/index.html]
[francomunoz.com/index3f66.html]
[francomunoz.com/wp-json/oembed/1.0/embed7453.json]
[francomunoz.com/wp-json/oembed/1.0/embed96f8]
[francomunoz.com/wp-json/wp/v2/posts/1293.json]
[francomunoz.com/wp-content/uploads/2024/08/general-1024x586.png]
[francomunoz.com/understanding-the-role-of-a-personal-injury-attorney-and-car-accident-attorney/index.html]
[francomunoz.com/personal-injury/car-accident-lawyers/Firefox/index.html]
[francomunoz.com/indexdc3d.html]
[francomunoz.com/personal-injury/traumatic-brain-injury-lawyer-california/Firefox/index.html]
[francomunoz.com/indexf8c8.html]
[francomunoz.com/wp-json/oembed/1.0/embed72a2.json]
[francomunoz.com/wp-json/oembed/1.0/embed58df]
[francomunoz.com/wp-json/wp/v2/posts/2145.json]
[francomunoz.com/wp-content/uploads/2026/05/Steve-with-clients-1024x819.png]
[francomunoz.com/how-much-money-can-i-get-for-my-personal-injury-case-in-california/index.html]
[francomunoz.com/personal-injury/wildfires/Firefox/index.html]
[francomunoz.com/index3d2e.html]
[francomunoz.com/es/personal-injury/wildfires/index.html]
[francomunoz.com/locations/Firefox/index.html]
[francomunoz.com/index8962.html]
[francomunoz.com/wp-json/oembed/1.0/embed64e3.json]
[francomunoz.com/wp-json/oembed/1.0/embed62e5]
[francomunoz.com/es/vallejo-workers-compensation/index.html]
[francomunoz.com/vallejo-workers-compensation/index.html]
[francomunoz.com/wp-json/wp/v2/pages/1556.json]
[francomunoz.com/wp-json/oembed/1.0/embed748b.json]
[francomunoz.com/wp-json/oembed/1.0/embed4745]
[francomunoz.com/sausalito-workers-compensation-attorneys/index.html]
[francomunoz.com/wp-json/wp/v2/pages/1544.json]
[francomunoz.com/wp-json/oembed/1.0/embedf12a.json]
[francomunoz.com/wp-json/oembed/1.0/embedbb06]
[francomunoz.com/hayward-workers-compensation/index.html]
[francomunoz.com/wp-json/wp/v2/pages/1552.json]
[francomunoz.com/es/hayward-workers-compensation/index.html]
[francomunoz.com/wp-json/oembed/1.0/embeded2e.json]
[francomunoz.com/wp-json/oembed/1.0/embed4e27]
[francomunoz.com/fremont-workers-compensation/index.html]
[francomunoz.com/wp-json/wp/v2/pages/1565.json]
[francomunoz.com/wp-json/oembed/1.0/embedc6e5.json]
[francomunoz.com/wp-json/oembed/1.0/embed7515]
[francomunoz.com/antioch-workers-compensation/index.html]
[francomunoz.com/wp-json/wp/v2/pages/1559.json]
[francomunoz.com/wp-json/oembed/1.0/embedc6c7.json]
[francomunoz.com/wp-json/oembed/1.0/embede863]
[francomunoz.com/tiburon-workers-compensation-attorneys/index.html]
[francomunoz.com/wp-json/wp/v2/pages/1546.json]
[francomunoz.com/wp-json/oembed/1.0/embedcbaa.json]
[francomunoz.com/wp-json/oembed/1.0/embedc680]
[francomunoz.com/es/san-francisco-workers-compensation/index.html]
[francomunoz.com/san-francisco-workers-compensation-attorneys/index.html]
[francomunoz.com/wp-json/wp/v2/pages/1531.json]
[francomunoz.com/wp-json/oembed/1.0/embed3094.json]
[francomunoz.com/wp-json/oembed/1.0/embed6735]
[francomunoz.com/san-anselmo-workers-compensation-attorneys/index.html]
[francomunoz.com/wp-json/wp/v2/pages/1547.json]
[francomunoz.com/wp-json/oembed/1.0/embedd84d.json]
[francomunoz.com/wp-json/oembed/1.0/embeda415]
[francomunoz.com/novato-workers-compensation-attorneys/index.html]
[francomunoz.com/wp-json/wp/v2/pages/1548.json]
[francomunoz.com/wp-json/oembed/1.0/embed3e42.json]
[francomunoz.com/wp-json/oembed/1.0/embedd2dd]
[francomunoz.com/larkspur-workers-compensation-attorneys/index.html]
[francomunoz.com/wp-json/wp/v2/pages/1549.json]
[francomunoz.com/wp-json/oembed/1.0/embed51a8.json]
[francomunoz.com/wp-json/oembed/1.0/embed4e15]
[francomunoz.com/wp-json/wp/v2/pages/1550.json]
[francomunoz.com/wp-content/uploads/2024/11/Tams_Arch__Tower_at_Dusk_Summer_2006.jpg]
[francomunoz.com/mill-valley-workers-compensation-attorneys/index.html]
[francomunoz.com/wp-json/oembed/1.0/embed0176.json]
[francomunoz.com/wp-json/oembed/1.0/embed60c0]
[francomunoz.com/daly-city-workers-compensation-attorneys/index.html]
[francomunoz.com/wp-json/wp/v2/pages/2123.json]
[francomunoz.com/wp-json/oembed/1.0/embed7096.json]
[francomunoz.com/wp-json/oembed/1.0/embedc72e]
[francomunoz.com/wp-json/wp/v2/pages/1542.json]
[francomunoz.com/wp-content/uploads/2024/11/Town_Street_Header.jpg]
[francomunoz.com/fairfax-workers-compensation-attorneys/index.html]
[francomunoz.com/wp-json/oembed/1.0/embeda4ea.json]
[francomunoz.com/wp-json/oembed/1.0/embedb56b]
[francomunoz.com/wp-json/wp/v2/pages/1543.json]
[francomunoz.com/wp-content/uploads/2024/11/Town_Center_at_Corte_Madera_2.jpg]
[francomunoz.com/corte-madera-workers-compensation-attorneys/index.html]
[francomunoz.com/wp-json/oembed/1.0/embed30b9.json]
[francomunoz.com/wp-json/oembed/1.0/embedad1e]
[francomunoz.com/belvedere-workers-compensation-attorneys/index.html]
[francomunoz.com/concord-workers-compensation-attorneys/Firefox/index.html]
[francomunoz.com/wp-json/wp/v2/pages/1545.json]
[francomunoz.com/es/wp-json/oembed/1.0/embed82ec.json]
[francomunoz.com/es/wp-json/oembed/1.0/embed8af7]
[francomunoz.com/es/concord-workers-compensation-attorneys/index.html]
[francomunoz.com/indexab36.html]
[francomunoz.com/oakland-workers-compensation/Firefox/index.html]
[francomunoz.com/es/wp-json/wp/v2/pages/1594.json]
[francomunoz.com/es/wp-json/oembed/1.0/embed90e6.json]
[francomunoz.com/es/wp-json/oembed/1.0/embed4505]
[francomunoz.com/es/oakland-workers-compensation/index.html]
[francomunoz.com/index5024.html]
[francomunoz.com/san-mateo-workers-compensation-attorneys/Firefox/index.html]
[francomunoz.com/es/wp-json/wp/v2/pages/1586.json]
[francomunoz.com/es/wp-json/oembed/1.0/embed92d0.json]
[francomunoz.com/es/wp-json/oembed/1.0/embede449]
[francomunoz.com/es/san-mateo-workers-compensation/index.html]
[francomunoz.com/index60e8.html]
[francomunoz.com/marin-county-workers-compensation-attorneys/Firefox/index.html]
[francomunoz.com/es/wp-json/wp/v2/pages/1603.json]
[francomunoz.com/es/wp-json/oembed/1.0/embed55f5.json]
[francomunoz.com/es/wp-json/oembed/1.0/embed0e91]
[francomunoz.com/es/marin-county-workers-compensation/index.html]
[francomunoz.com/index99b7.html]
[francomunoz.com/san-jose-workers-compensation-attorneys/Firefox/index.html]
[francomunoz.com/indexbfcf.html]
[francomunoz.com/resources/Firefox/index.html]
[francomunoz.com/index64b4.html]
[francomunoz.com/es/wp-json/wp/v2/pages/1602.json]
[francomunoz.com/wp-json/oembed/1.0/embed8d5d.json]
[francomunoz.com/wp-json/oembed/1.0/embed5d36]
[francomunoz.com/wp-json/wp/v2/posts/1639.json]
[francomunoz.com/wp-content/uploads/2024/06/general.jpg]
[francomunoz.com/how-to-close-your-workers-compensation-case-in-2026-a-guide-to-making-the-best-choice/index.html]
[francomunoz.com/wp-json/oembed/1.0/embed41ec.json]
[francomunoz.com/wp-json/oembed/1.0/embed4c0a]
[francomunoz.com/wp-json/wp/v2/posts/1330.json]
[francomunoz.com/wp-content/uploads/2024/06/f9912644-a05e-4b7e-ba46-95063085c605-819x1024.jpg]
[francomunoz.com/questions-answers-with-steve-franco/index.html]
[francomunoz.com/wp-json/oembed/1.0/embedd1e9.json]
[francomunoz.com/wp-json/oembed/1.0/embed13cf]
[francomunoz.com/how-to-prove-100-permanent-disability-in-california-workers-compensation-cases/index.html]
[francomunoz.com/wp-json/wp/v2/posts/2065.json]
[francomunoz.com/wp-json/oembed/1.0/embed59f9.json]
[francomunoz.com/wp-json/oembed/1.0/embedc733]
[francomunoz.com/wp-json/wp/v2/posts/1881.json]
[francomunoz.com/wp-content/uploads/2026/01/neck-low-offer.jpg]
[francomunoz.com/how-to-increase-the-value-of-your-neck-injury-workers-compensation-case/index.html]
[francomunoz.com/wp-json/oembed/1.0/embed4d65.json]
[francomunoz.com/wp-json/oembed/1.0/embed4cb4]
[francomunoz.com/wp-json/wp/v2/posts/1907.json]
[francomunoz.com/wp-content/uploads/2026/03/Rene.jpg]
[francomunoz.com/800000-settlement-for-worker-injured-in-devastating-fall-while-installing-windows/index.html]
[francomunoz.com/resources/page/2/index.html]
[francomunoz.com/resources/page/3/index.html]
[francomunoz.com/resources/page/4/index.html]
[francomunoz.com/resources/page/5/index.html]
[francomunoz.com/resources/page/11/index.html]
[francomunoz.com/about/attorneys/index.html]
[francomunoz.com/testimonials/brian/Firefox/index.html]
[francomunoz.com/index7896.html]
[francomunoz.com/testimonials/john/Firefox/index.html]
[francomunoz.com/indexb135.html]
[francomunoz.com/testimonials/chris/Firefox/index.html]
[francomunoz.com/index04cd.html]
[francomunoz.com/can-you-be-fired-for-filing-a-workers-compensation-claim-in-california/Firefox/index.html]
[francomunoz.com/index1313.html]
[francomunoz.com/the-initial-physical-aggressor-defense/Firefox/index.html]
[francomunoz.com/index90f2.html]
[francomunoz.com/can-you-go-on-vacation-while-receiving-workers-compensation-benefits/Firefox/index.html]
[francomunoz.com/indexc91a.html]
[francomunoz.com/es/i-have-a-union-job-is-there-a-law-saying-i-have/Firefox/index.html]
[francomunoz.com/i-have-a-union-job-is-there-a-law-saying-i-have-to-quit-to-settle-my-case-with-compromise-and-release-i-dont-want-to-quit-the-current-adjuster-states-i-do-have-to-quit-what-do-i-do/index.html]
[francomunoz.com/es/indexffa6.html]
[francomunoz.com/resources/page/10/index.html]
[francomunoz.com/resources/page/9/index.html]
[francomunoz.com/es/navegando-las-complejidades-de-las-reclamaciones-de-compensacion-laboral-consejos-de-un-abogado-de-compensacion-laboral-cerca-de-mi/index.html]
[francomunoz.com/es/category/abogado-de-compensacion-laboral/index.html]
[francomunoz.com/es/wp-json/wp/v2/categories/712.json]
[francomunoz.com/es/category/abogado-de-compensacion-laboral/feed/index.html]
[francomunoz.com/es/rene-munoz-obtiene-2-4-millones-para-un-cliente-en-un-caso-de-compensacion-laboral-tras-la-negativa-de-la-aseguradora/index.html]
[francomunoz.com/es/deposicion-jurada/index.html]
[francomunoz.com/es/wp-json/wp/v2/categories/748.json]
[francomunoz.com/es/category/abogado-de-compensacion-laboral-es/index.html]
[francomunoz.com/es/es-conveniente-para-una-compania-de-seguros-cerrar-un-caso-de-compensacion-laboral/index.html]
[francomunoz.com/es/category/abogado-de-compensacion-laboral-es/page/2/index.html]
[francomunoz.com/es/category/abogado-de-compensacion-laboral-es/feed/index.html]
[francomunoz.com/es/2026/07/index.html]
[francomunoz.com/es/derechos-laborales-en-california-por-que-necesita-abogados-laborales/index.html]
[francomunoz.com/es/las-5-razones-principales-para-necesitar-un-abogado-de-compensacion-laboral/index.html]
[francomunoz.com/es/como-funciona-la-compensacion-laboral-una-guia-completa/index.html]
[francomunoz.com/es/como-apelar-una-reclamacion-de-compensacion-para-trabajadores-denegada/index.html]
[francomunoz.com/es/los-5-errores-principales-que-cometen-los-abogados-de-compensacion-para-trabajadores-y-como-evitarlos/index.html]
[francomunoz.com/es/las-lesiones-laborales-mas-comunes-en-el-area-de-la-bahia/index.html]
[francomunoz.com/es/2026/06/index.html]
[francomunoz.com/es/category/abogado-de-compensacion-laboral-es/page/3/index.html]
[francomunoz.com/es/2026/05/index.html]
[francomunoz.com/es/2026/04/index.html]
[francomunoz.com/es/2026/03/index.html]
[francomunoz.com/es/2026/02/index.html]
[francomunoz.com/es/dos-maneras-de-resolver-su-caso-de-compensacion-para-trabajadores/index.html]
[francomunoz.com/es/como-aumentar-el-valor-de-su-caso-por-lesion-de-espalda/index.html]
[francomunoz.com/es/los-10-trabajos-mas-peligrosos-en-los-estados-unidos/index.html]
[francomunoz.com/es/2026/01/index.html]
[francomunoz.com/es/cuanto-vale-mi-caso-de-compensacion-laboral/index.html]
[francomunoz.com/es/elegir-al-abogado-adecuado-para-lesiones-cerebrales-por-que-la-experiencia-importa/index.html]
[francomunoz.com/es/2025/12/index.html]
[francomunoz.com/es/2025/11/index.html]
[francomunoz.com/es/como-cerrar-su-caso-de-compensacion-laboral-mientras-finaliza-el-2025-planificacion-para-el-2026/index.html]
[francomunoz.com/es/2025/10/index.html]
[francomunoz.com/es/los-peligros-en-la-planta-de-fremont-de-tesla-una-llamada-a-la-seguridad-laboral/index.html]
[francomunoz.com/es/necesita-un-abogado-de-compensacion-laboral-entienda-sus-derechos-y-como-podemos-ayudar/index.html]
[francomunoz.com/es/por-que-necesita-abogados-expertos-en-accidentes-de-camiones-para-su-caso/index.html]
[francomunoz.com/es/2025/09/index.html]
[francomunoz.com/es/cuando-la-tragedia-golpea-en-el-agua-el-papel-de-un-abogado-de-accidentes-por-ahogamiento/index.html]
[francomunoz.com/es/2025/08/index.html]
[francomunoz.com/es/lesionado-en-un-accidente-de-lyft-o-uber-confie-en-nuestros-experimentados-abogados-de-accidentes-de-rideshare/index.html]
[francomunoz.com/es/2025/07/index.html]
[francomunoz.com/es/2025/06/index.html]
[francomunoz.com/es/2025/05/index.html]
[francomunoz.com/es/encontrar-al-mejor-abogado-de-accidentes-de-auto-cerca-de-mi-en-el-area-de-la-bahia/index.html]
[francomunoz.com/es/2025/04/index.html]
[francomunoz.com/es/el-dia-de-las-madres-y-el-trauma-acumulativo-destacando-las-contribuciones-y-desafios-de-las-mujeres-en-el-lugar-de-trabajo/index.html]
[francomunoz.com/es/incendios-y-explosiones-en-el-lugar-de-trabajo-protegiendo-a-los-trabajadores-en-entornos-peligrosos/index.html]
[francomunoz.com/es/2025/03/index.html]
[francomunoz.com/es/lo-que-minecraft-la-pelicula-nos-ensena-sobre-construir-un-reclamo-fuerte-de-compensacion-laboral/index.html]
[francomunoz.com/es/reclamo-de-compensacion-laboral-denegado-en-san-francisco-que-hacer/index.html]
[francomunoz.com/es/beneficios-de-compensacion-laboral-en-el-area-de-la-bahia-reclame-ahora/index.html]
[francomunoz.com/es/2025/02/index.html]
[francomunoz.com/es/como-presentar-un-reclamo-de-compensacion-para-trabajadores-en-oakland/index.html]
[francomunoz.com/es/eclipses-y-anillos-invisibles-lo-que-el-cosmos-nos-ensena-sobre-la-compensacion-laboral/index.html]
[francomunoz.com/es/luchando-por-una-compensacion-justa-lo-que-ufc-fight-night-253-nos-ensena-sobre-la-compensacion-laboral-por-multiples-lesiones/index.html]
[francomunoz.com/es/2025/01/index.html]
[francomunoz.com/es/navegando-reclamos-de-compensacion-laboral-por-lesiones-psicologicas-comprendiendo-los-reclamos-por-dano-psicologico/index.html]
[francomunoz.com/es/como-cerrar-su-caso-de-compensacion-laboral-en-2024-lo-que-necesita-saber-en-un-mundo-cambiante/index.html]
[francomunoz.com/es/entendiendo-los-plazos-en-la-compensacion-de-trabajadores/index.html]
[francomunoz.com/es/2024/12/index.html]
[francomunoz.com/es/6-consejos-cruciales-para-las-victimas-de-los-incendios-en-los-angeles-pacific-palisades-pasadena-y-altadena/index.html]
[francomunoz.com/es/protegiendo-a-los-trabajadores-lecciones-de-las-citaciones-de-cal-osha-contra-safeway/index.html]
[francomunoz.com/es/2024/11/index.html]
[francomunoz.com/es/por-que-necesita-un-abogado-de-accidentes-de-camiones-de-18-ruedas-para-su-caso/index.html]
[francomunoz.com/es/entendiendo-la-responsabilidad-por-lesiones-de-trauma-acumulativo-lo-que-los-trabajadores-deben-saber/index.html]
[francomunoz.com/es/por-que-necesita-un-abogado-de-accidentes-de-construccion-en-california-para-su-caso/index.html]
[francomunoz.com/es/2024/10/index.html]
[francomunoz.com/es/por-que-necesitas-un-abogado-de-compensacion-laboral-en-el-area-de-la-bahia/index.html]
[francomunoz.com/es/la-wcab-extiende-el-tiempo-para-usar-el-vale-debido-al-covid-19-lo-que-necesita-saber/index.html]
[francomunoz.com/es/las-tasas-de-compensacion-laboral-en-california-disminuyen-que-significa-esto-para-los-trabajadores-lesionados/index.html]
[francomunoz.com/es/2024/09/index.html]
[francomunoz.com/es/el-aumento-de-los-costos-de-los-medicamentos-para-la-migrana-en-la-compensacion-laboral-de-california-lo-que-necesitas-saber/index.html]
[francomunoz.com/es/que-es-la-regla-de-la-linea-de-premisas-en-la-compensacion-de-trabajadores/index.html]
[francomunoz.com/es/2024/08/index.html]
[francomunoz.com/es/las-5-mejores-cosas-que-su-abogado-puede-hacer-para-aumentar-el-valor-de-su-caso-de-compensacion-laboral/index.html]
[francomunoz.com/es/cambio-de-medico-tratante-despues-del-alta-medica/index.html]
[francomunoz.com/es/encontrar-al-mejor-abogado-de-accidentes-de-motocicleta-para-su-caso/index.html]
[francomunoz.com/es/por-que-necesitas-un-abogado-de-accidentes-de-auto-en-el-area-de-la-bahia/index.html]
[francomunoz.com/es/entendiendo-la-regla-de-remedio-exclusivo-y-las-reclamaciones-contra-companeros-de-trabajo/index.html]
[francomunoz.com/es/2024/07/index.html]
[francomunoz.com/es/7-consejos-esenciales-para-tener-exito-en-su-caso-de-compensacion-laboral/index.html]
[francomunoz.com/es/por-que-necesita-un-abogado-de-lesiones-personales-para-casos-de-lesiones-cerebrales/index.html]
[francomunoz.com/es/los-5-errores-principales-que-cometen-los-abogados-de-compensacion-laboral-y-como-evitarlos/index.html]
[francomunoz.com/es/comprendiendo-el-papel-de-un-medico-estatal-qme-y-su-importancia-en-tu-caso-de-compensacion-laboral/index.html]
[francomunoz.com/es/2024/06/index.html]
[francomunoz.com/es/la-guia-esencial-para-elegir-al-abogado-adecuado-para-accidentes-de-lyft/index.html]
[francomunoz.com/es/abogado-de-accidentes-de-trabajo-como-elegir-el-mejor-y-aumentar-el-valor-de-su-caso/index.html]
[francomunoz.com/es/2023/12/index.html]
[francomunoz.com/es/encontrar-al-abogado-de-compensacion-laboral-adecuado-cerca-de-mi-una-guia-completa/index.html]
[francomunoz.com/es/como-cerrar-su-caso-de-compensacion-para-trabajadores/index.html]
[francomunoz.com/es/las-10-cosas-principales-que-debes-buscar-en-un-abogado-de-compensacion-para-trabajadores-antes-de-contratar/index.html]
[francomunoz.com/es/understanding-workers-compensation-benefits-in-assault-cases-the-maravilla-case/index.html]
[francomunoz.com/es/2023/09/index.html]
[francomunoz.com/es/steve-franco-gana-una-recompensa-de-1000000-para-el-trabajador-de-techos-lesionado/index.html]
[francomunoz.com/es/2023/07/index.html]
[francomunoz.com/es/la-prestigiosa-lista-inc-5000-ha-reconocido-al-/index.html]
[francomunoz.com/es/celebrando-una-victoria-historica-en-el-tribunal-la-justicia-prevalece-para-franco-munoz/index.html]
[francomunoz.com/es/2022/12/index.html]
[francomunoz.com/es/2022/08/index.html]
[francomunoz.com/es/rene-munoz-gana-1-85-millones-para-trabajador-lesionado-de-tesla-automobile/index.html]
[francomunoz.com/es/2022/05/index.html]
[francomunoz.com/es/cuanto-vale-mi-caso-de-compensacion-para-trabajadores/index.html]
[francomunoz.com/es/2021/02/index.html]
[francomunoz.com/es/5-razones-por-las-que-necesita-un-abogado-de-compensacion-laboral-en-california/index.html]
[francomunoz.com/es/tag/beneficios-de-compensacion-de-trabajadores/index.html]
[francomunoz.com/es/2020/11/index.html]
[francomunoz.com/es/tag/consulta-gratis/index.html]
[francomunoz.com/es/tag/razones-por-las-que-necesita-un-abogado-de-compensacion-laboral/index.html]
[francomunoz.com/es/tag/reclamo-denegado/index.html]
[francomunoz.com/es/2020/04/index.html]
[francomunoz.com/es/la-compania-de-seguros-nego-su-reclamo-de-compensacion-para-trabajadores/index.html]
[francomunoz.com/es/principales-recursos-financieros-para-los-californianos-afectados-por-el-virus-covid-19/index.html]
[francomunoz.com/es/tag/abogado-de-workers-comp/index.html]
[francomunoz.com/es/tag/corona-virus/index.html]
[francomunoz.com/es/2020/03/index.html]
[francomunoz.com/es/tag/recursos-financieros/index.html]
[francomunoz.com/es/tag/recursos-para-trabajadores/index.html]
[francomunoz.com/es/estoy-herido-y-no-estoy-de-acuerdo-con-las-restricciones-laborales-del-medico-cuales-son-mis-opciones/index.html]
[francomunoz.com/es/tag/restricciones-del-doctor/index.html]
[francomunoz.com/es/tag/restricciones-laborales/index.html]
[francomunoz.com/es/tag/trabajo-modificado/index.html]
[francomunoz.com/es/2020/02/index.html]
[francomunoz.com/es/tag/cliente-gana-millones/index.html]
[francomunoz.com/es/nuestro-cliente-gana-demanda-de-16-millones-por-accidente-laboral/index.html]
[francomunoz.com/es/tag/lesiones-del-cerebro/index.html]
[francomunoz.com/es/2019/10/index.html]
[francomunoz.com/es/tag/compensacion-laboral/index.html]
[francomunoz.com/es/tengo-el-tunel-carpiano-en-mis-manos-es-una-lesion-de-compensacion-laboral/index.html]
[francomunoz.com/es/tag/tunel-carpiano/index.html]
[francomunoz.com/es/2019/08/index.html]
[francomunoz.com/es/2018/12/index.html]
[francomunoz.com/es/2018/10/index.html]
[francomunoz.com/es/tengo-un-caso-de-compensacion-de-trabajadores-si-me-lesiono-conduciendo-al-trabajo/index.html]
[francomunoz.com/es/2018/08/index.html]
[francomunoz.com/es/puede-decirme-las-dos-formas-principales-de-resolver-mi-caso-de-compensacion-de-los-trabajadores/index.html]
[francomunoz.com/es/trabajo-en-un-trabajo-extremadamente-estresante-y-sufri-un-ataque-al-corazon-soy-elegible-para-recibir-beneficios-de-compensacion-laboral/index.html]
[francomunoz.com/es/2018/07/index.html]
[francomunoz.com/es/tag/ataque-al-corazon/index.html]
[francomunoz.com/es/tag/compensacion-al-trabajador/index.html]
[francomunoz.com/es/tag/lesion-de-trabajo/index.html]
[francomunoz.com/es/me-lesione-pero-creo-que-mi-jefe-a-sabiendas-me-puso-en-una-situacion-muy-peligrosa-hay-algo-mas-que-se-pueda-hacer-por-mi/index.html]
[francomunoz.com/es/2018/05/index.html]
[francomunoz.com/es/2018/02/index.html]
[francomunoz.com/es/temo-que-pueda-ser-despedido-por-mi-lesion-puede-mi-empleador-despedirme/index.html]
[francomunoz.com/es/2017/12/index.html]
[francomunoz.com/wp-content/themes/Franco/fonts/Icon.eot]
[francomunoz.com/wp-content/themes/Franco/fonts/Icond41d.eot]
[francomunoz.com/wp-content/themes/Franco/fonts/Icon.woff]
[francomunoz.com/es/the-insurance-company-accepted-my-claim-and-started-paying-me-temporary-disability-benefits-how-long-will-i-receive-these-benefits/index.html]
[francomunoz.com/es/im-afraid-i-might-be-fired-because-of-my-injury-can-my-employer-fire-me/index.html]
[francomunoz.com/wp-content/themes/Franco/fonts/Icon.ttf]
[francomunoz.com/wp-content/themes/Franco/fonts/Icon.svg]
[francomunoz.com/es/category/abogado-de-accidentes-de-camiones/index.html]
[francomunoz.com/es/wp-json/wp/v2/categories/739.json]
[francomunoz.com/es/category/abogado-de-accidentes-de-camiones/feed/index.html]
[francomunoz.com/es/category/abogado-de-accidentes-de-construccion/index.html]
[francomunoz.com/es/wp-json/wp/v2/categories/741.json]
[francomunoz.com/es/category/abogado-de-accidentes-de-construccion/feed/index.html]
[francomunoz.com/es/category/abogado-de-accidentes-de-lyft/index.html]
[francomunoz.com/es/wp-json/wp/v2/categories/755.json]
[francomunoz.com/es/category/abogado-de-accidentes-de-lyft/feed/index.html]
[francomunoz.com/es/category/abogado-de-accidentes-de-motocicleta/index.html]
[francomunoz.com/es/wp-json/wp/v2/categories/737.json]
[francomunoz.com/es/category/abogado-de-accidentes-de-motocicleta/feed/index.html]
[francomunoz.com/es/category/abogado-de-accidentes-de-trafico/index.html]
[francomunoz.com/es/wp-json/wp/v2/categories/733.json]
[francomunoz.com/es/category/abogado-de-accidentes-de-trafico/page/2/index.html]
[francomunoz.com/es/category/abogado-de-accidentes-de-trafico/feed/index.html]
[francomunoz.com/es/wp-json/wp/v2/categories/747.json]
[francomunoz.com/es/category/abogado-de-lesiones-laborales/index.html]
[francomunoz.com/es/category/abogado-de-accidentes-de-trafico/page/3/index.html]
[francomunoz.com/es/category/abogado-de-accidentes-de-trafico/page/4/index.html]
[francomunoz.com/es/category/abogado-de-lesiones-laborales/page/2/index.html]
[francomunoz.com/es/category/abogado-de-lesiones-laborales/feed/index.html]
[francomunoz.com/es/category/abogado-de-lesiones-personales-es/index.html]
[francomunoz.com/es/wp-json/wp/v2/categories/745.json]
[francomunoz.com/es/category/abogado-de-lesiones-personales-es/feed/index.html]
[francomunoz.com/es/category/abogado-de-lesiones-personales/index.html]
[francomunoz.com/es/wp-json/wp/v2/categories/732.json]
[francomunoz.com/es/category/abogado-de-lesiones-personales/feed/index.html]
[francomunoz.com/es/category/accidente-de-incendio/index.html]
[francomunoz.com/es/wp-json/wp/v2/categories/773.json]
[francomunoz.com/es/category/accidente-de-incendio/feed/index.html]
[francomunoz.com/es/category/accidente-de-trafico/index.html]
[francomunoz.com/es/wp-json/wp/v2/categories/731.json]
[francomunoz.com/es/category/accidente-de-trafico/feed/index.html]
[francomunoz.com/es/category/accidente-por-ahogamiento/index.html]
[francomunoz.com/es/wp-json/wp/v2/categories/752.json]
[francomunoz.com/es/category/accidente-por-ahogamiento/feed/index.html]
[francomunoz.com/es/category/ataque-al-corazon/index.html]
[francomunoz.com/es/wp-json/wp/v2/categories/14.json]
[francomunoz.com/es/category/ataque-al-corazon/feed/index.html]
[francomunoz.com/es/category/cal-osha-es/index.html]
[francomunoz.com/es/wp-json/wp/v2/categories/769.json]
[francomunoz.com/es/category/cal-osha-es/feed/index.html]
[francomunoz.com/es/category/caso-de-compensacion-al-trabajador/index.html]
[francomunoz.com/es/wp-json/wp/v2/categories/714.json]
[francomunoz.com/es/category/caso-de-compensacion-al-trabajador/feed/index.html]
[francomunoz.com/es/category/caso-de-compensacion-al-trabajador/page/2/index.html]
[francomunoz.com/es/category/caso-denegado/index.html]
[francomunoz.com/es/wp-json/wp/v2/categories/762.json]
[francomunoz.com/es/category/caso-denegado/feed/index.html]
[francomunoz.com/es/category/caso-millonario/index.html]
[francomunoz.com/es/wp-json/wp/v2/categories/777.json]
[francomunoz.com/es/category/caso-millonario/feed/index.html]
[francomunoz.com/es/category/compensacion-laboral/index.html]
[francomunoz.com/es/wp-json/wp/v2/categories/294.json]
[francomunoz.com/es/category/compensacion-laboral/feed/index.html]
[francomunoz.com/es/category/compromiso-y-liberacion/index.html]
[francomunoz.com/es/wp-json/wp/v2/categories/764.json]
[francomunoz.com/es/category/compromiso-y-liberacion/feed/index.html]
[francomunoz.com/es/category/deposicion/index.html]
[francomunoz.com/es/wp-json/wp/v2/categories/711.json]
[francomunoz.com/es/category/deposicion/feed/index.html]
[francomunoz.com/es/category/dolores-de-cabeza/index.html]
[francomunoz.com/es/wp-json/wp/v2/categories/759.json]
[francomunoz.com/es/category/dolores-de-cabeza/feed/index.html]
[francomunoz.com/es/category/guias-medicas/index.html]
[francomunoz.com/es/wp-json/wp/v2/categories/778.json]
[francomunoz.com/es/category/guias-medicas/feed/index.html]
[francomunoz.com/es/category/legal-strategy-es/index.html]
[francomunoz.com/es/wp-json/wp/v2/categories/725.json]
[francomunoz.com/es/category/legal-strategy-es/feed/index.html]
[francomunoz.com/es/category/lesion-cerebral/index.html]
[francomunoz.com/es/wp-json/wp/v2/categories/750.json]
[francomunoz.com/es/category/lesion-cerebral/feed/index.html]
[francomunoz.com/es/category/lesion-cerebral-traumatica-lct/index.html]
[francomunoz.com/es/wp-json/wp/v2/categories/735.json]
[francomunoz.com/es/category/lesion-cerebral-traumatica-lct/feed/index.html]
[francomunoz.com/es/category/lesion-de-espalda/index.html]
[francomunoz.com/es/wp-json/wp/v2/categories/743.json]
[francomunoz.com/es/category/lesion-de-espalda/feed/index.html]
[francomunoz.com/es/category/lesion-de-trauma-acumulativo/index.html]
[francomunoz.com/es/wp-json/wp/v2/categories/726.json]
[francomunoz.com/es/category/lesion-de-trauma-acumulativo/feed/index.html]
[francomunoz.com/es/category/lesion-deportiva/index.html]
[francomunoz.com/es/wp-json/wp/v2/categories/766.json]
[francomunoz.com/es/category/lesion-deportiva/feed/index.html]
[francomunoz.com/es/category/lesion-por-quemadura/index.html]
[francomunoz.com/es/wp-json/wp/v2/categories/772.json]
[francomunoz.com/es/category/lesion-por-quemadura/feed/index.html]
[francomunoz.com/es/category/lesiones-del-cerebro/index.html]
[francomunoz.com/es/wp-json/wp/v2/categories/358.json]
[francomunoz.com/es/category/lesiones-del-cerebro/feed/index.html]
[francomunoz.com/es/category/lesiones-del-cuello/index.html]
[francomunoz.com/es/wp-json/wp/v2/categories/779.json]
[francomunoz.com/es/category/lesiones-del-cuello/feed/index.html]
[francomunoz.com/es/category/los-pulmones/feed/index.html]
[francomunoz.com/es/category/los-pulmones/index.html]
[francomunoz.com/es/wp-json/wp/v2/categories/359.json]
[francomunoz.com/es/category/qme-es/index.html]
[francomunoz.com/es/wp-json/wp/v2/categories/757.json]
[francomunoz.com/es/category/qme-es/feed/index.html]
[francomunoz.com/es/category/reclamo-denegado/index.html]
[francomunoz.com/es/wp-json/wp/v2/categories/767.json]
[francomunoz.com/es/category/reclamo-denegado/feed/index.html]
[francomunoz.com/es/category/resources-for-injured-workers-es/index.html]
[francomunoz.com/es/wp-json/wp/v2/categories/724.json]
[francomunoz.com/es/category/resources-for-injured-workers-es/feed/index.html]
[francomunoz.com/es/category/restricciones-de-trabajdo/index.html]
[francomunoz.com/es/wp-json/wp/v2/categories/481.json]
[francomunoz.com/es/category/restricciones-de-trabajdo/feed/index.html]
[francomunoz.com/es/category/restricciones-de-trabajo/index.html]
[francomunoz.com/es/wp-json/wp/v2/categories/782.json]
[francomunoz.com/es/category/restricciones-de-trabajo/feed/index.html]
[francomunoz.com/es/wp-json/wp/v2/categories/4.json]
[francomunoz.com/es/category/sin-categorizar/index.html]
[francomunoz.com/es/category/sin-categorizar/feed/index.html]
[francomunoz.com/es/category/sin-categorizar/page/2/index.html]
[francomunoz.com/es/category/trabajo-modificado/index.html]
[francomunoz.com/es/wp-json/wp/v2/categories/480.json]
[francomunoz.com/es/category/trabajo-modificado/feed/index.html]
[francomunoz.com/es/category/tratamiento-medico/index.html]
[francomunoz.com/es/wp-json/wp/v2/categories/720.json]
[francomunoz.com/es/category/tratamiento-medico/feed/index.html]
[francomunoz.com/es/category/vctorias-legales/index.html]
[francomunoz.com/es/wp-json/wp/v2/categories/715.json]
[francomunoz.com/es/category/vctorias-legales/feed/index.html]
[francomunoz.com/es/category/violent-injuries-es/index.html]
[francomunoz.com/category/compromise-and-release/Firefox/index.html]
[francomunoz.com/es/how-to-close-your-workers-compensation-case-as-2025-wraps-up-planning-for-2026/index.html]
[francomunoz.com/es/wp-json/wp/v2/categories/718.json]
[francomunoz.com/es/category/violent-injuries-es/feed/index.html]
[francomunoz.com/wp-json/oembed/1.0/embed390f.json]
[francomunoz.com/wp-json/oembed/1.0/embed5cf6]
[francomunoz.com/how-to-close-your-workers-compensation-case-as-2025-wraps-up-planning-for-2026/index.html]
[francomunoz.com/wp-json/wp/v2/posts/1650.json]
[francomunoz.com/wp-json/oembed/1.0/embedf386.json]
[francomunoz.com/wp-json/oembed/1.0/embede367]
[francomunoz.com/wp-json/wp/v2/posts/1654.json]
[francomunoz.com/wp-content/uploads/2025/01/Psyche-intake.jpg]
[francomunoz.com/navigating-workers-compensation-claims-amidst-high-profile-allegations-understanding-psychological-injury-claims/index.html]
[francomunoz.com/wp-json/oembed/1.0/embedc912.json]
[francomunoz.com/wp-json/oembed/1.0/embed873f]
[francomunoz.com/wp-json/wp/v2/posts/1646.json]
[francomunoz.com/wp-content/uploads/2025/01/WC-2024-Options.jpg]
[francomunoz.com/how-to-close-your-workers-compensation-case-in-2025-what-you-need-to-know-in-a-changing-world/index.html]
[francomunoz.com/wp-json/oembed/1.0/embedcca2.json]
[francomunoz.com/wp-json/oembed/1.0/embed1866]
[francomunoz.com/wp-json/wp/v2/posts/436.json]
[francomunoz.com/wp-content/uploads/2018/10/You-decide.png]
[francomunoz.com/can-you-tell-me-the-two-main-ways-to-settle-my-workers-comp-case/index.html]
[francomunoz.com/tag/cr/index.html]
[francomunoz.com/wp-json/wp/v2/tags/31.json]
[francomunoz.com/tag/cr/feed/index.html]
[francomunoz.com/tag/compromise-release/index.html]
[francomunoz.com/wp-json/wp/v2/tags/28.json]
[francomunoz.com/tag/compromise-release/feed/index.html]
[francomunoz.com/tag/settlement-options/index.html]
[francomunoz.com/wp-json/wp/v2/tags/29.json]
[francomunoz.com/tag/settlement-options/feed/index.html]
[francomunoz.com/tag/stips/index.html]
[francomunoz.com/wp-json/wp/v2/tags/32.json]
[francomunoz.com/tag/stips/feed/index.html]
[francomunoz.com/tag/stipulations/index.html]
[francomunoz.com/category/settlement/Firefox/index.html]
[francomunoz.com/es/how-to-prove-100-permanent-disability-in-california-workers-compensation-cases/index.html]
[francomunoz.com/wp-json/wp/v2/tags/30.json]
[francomunoz.com/tag/stipulations/feed/index.html]
[francomunoz.com/wp-json/oembed/1.0/embed0c7e.json]
[francomunoz.com/wp-json/oembed/1.0/embed306c]
[francomunoz.com/wp-json/wp/v2/posts/1411.json]
[francomunoz.com/wp-content/uploads/2024/07/OPTIONS-TOS-ETTLE-1024x585.jpg]
[francomunoz.com/how-to-close-your-workers-compensation-case/index.html]
[francomunoz.com/wp-json/oembed/1.0/embedc1d5.json]
[francomunoz.com/wp-json/oembed/1.0/embedb251]
[francomunoz.com/wp-json/wp/v2/posts/678.json]
[francomunoz.com/wp-content/uploads/2017/09/Rene-Munoz-pics.jpg]
[francomunoz.com/rene-munoz-wins-1-85-million-for-injured-tesla-automobile-worker/index.html]
[i.ytimg.com/vi/bX_0Kievvsg/maxresdefault.jpg]
[francomunoz.com/wp-json/oembed/1.0/embedbe88.json]
[francomunoz.com/wp-json/oembed/1.0/embed2ad3]
[francomunoz.com/franco-munoz-law-firm-wins-1-6-million-award-for-client-in-workers-comp-case/index.html]
[francomunoz.com/wp-json/wp/v2/posts/466.json]
[francomunoz.com/tag/100-disability/index.html]
[francomunoz.com/wp-json/wp/v2/tags/315.json]
[francomunoz.com/tag/100-disability/feed/index.html]
[francomunoz.com/tag/lung-injury/index.html]
[francomunoz.com/wp-json/wp/v2/tags/314.json]
[francomunoz.com/tag/lung-injury/feed/index.html]
[francomunoz.com/tag/million-dollar-case/index.html]
[francomunoz.com/wp-json/wp/v2/tags/313.json]
[francomunoz.com/tag/million-dollar-case/feed/index.html]
[francomunoz.com/tag/traumatic-brain-injury/index.html]
[francomunoz.com/wp-json/wp/v2/tags/195.json]
[francomunoz.com/tag/traumatic-brain-injury/feed/index.html]
[francomunoz.com/tag/workers-comp-lawyer/index.html]
[francomunoz.com/wp-json/wp/v2/tags/316.json]
[francomunoz.com/tag/workers-comp-lawyer/feed/index.html]
[francomunoz.com/wp-json/oembed/1.0/embed942b.json]
[francomunoz.com/wp-json/oembed/1.0/embedad3d]
[francomunoz.com/navigating-the-complexities-of-workers-compensation-claims-tips-from-a-workers-comp-lawyer-near-me/index.html]
[francomunoz.com/category/workers-compensation-lawyer/Firefox/index.html]
[francomunoz.com/wp-json/wp/v2/posts/1443.json]
[francomunoz.com/category/workers-compensation-lawyer/page/2/index.html]
[francomunoz.com/wp-json/oembed/1.0/embed02ef.json]
[francomunoz.com/wp-json/oembed/1.0/embedc18d]
[francomunoz.com/wp-json/wp/v2/posts/1363.json]
[francomunoz.com/wp-content/uploads/2025/12/abogado-laboral.jpg]
[francomunoz.com/labor-rights-in-california-why-do-you-need-labor-lawyers/index.html]
[francomunoz.com/wp-json/oembed/1.0/embed97c4.json]
[francomunoz.com/wp-json/oembed/1.0/embed1ef3]
[francomunoz.com/wp-json/wp/v2/posts/1476.json]
[francomunoz.com/wp-content/uploads/2024/09/top-5.jpg]
[francomunoz.com/top-5-reasons-you-need-a-workers-compensation-attorney/index.html]
[francomunoz.com/wp-json/oembed/1.0/embedc013.json]
[francomunoz.com/wp-json/oembed/1.0/embedecad]
[francomunoz.com/how-does-workers-compensation-work-a-comprehensive-guide/index.html]
[francomunoz.com/wp-json/wp/v2/posts/1447.json]
[francomunoz.com/wp-json/oembed/1.0/embed7d9b.json]
[francomunoz.com/wp-json/oembed/1.0/embed51a7]
[francomunoz.com/wp-json/wp/v2/posts/1431.json]
[francomunoz.com/wp-content/uploads/2024/07/appeal-1024x585.png]
[francomunoz.com/how-to-appeal-a-denied-workers-compensation-claim/index.html]
[francomunoz.com/wp-json/oembed/1.0/embed3bf3.json]
[francomunoz.com/wp-json/oembed/1.0/embed77b3]
[francomunoz.com/top-5-mistakes-workers-compensation-lawyers-make-and-how-to-avoid-them/index.html]
[francomunoz.com/wp-json/wp/v2/posts/1402.json]
[francomunoz.com/wp-json/oembed/1.0/embed1f3b.json]
[francomunoz.com/wp-json/oembed/1.0/embedc5af]
[francomunoz.com/the-most-common-workplace-injuries-in-the-bay-area/index.html]
[francomunoz.com/wp-json/wp/v2/posts/1763.json]
[francomunoz.com/wp-json/oembed/1.0/embedb543.json]
[francomunoz.com/wp-json/oembed/1.0/embed89ac]
[francomunoz.com/how-to-file-a-workers-comp-claim-in-oakland-a-step-by-step-guide/index.html]
[francomunoz.com/wp-json/wp/v2/posts/1749.json]
[francomunoz.com/category/workers-compensation-lawyer/page/3/index.html]
[francomunoz.com/category/workers-compensation-lawyer-2/Firefox/index.html]
[francomunoz.com/es/how-to-close-your-workers-compensation-case-in-2026-a-guide-to-making-the-best-choice/index.html]
[francomunoz.com/wp-json/oembed/1.0/embedc143.json]
[francomunoz.com/wp-json/oembed/1.0/embedb11b]
[francomunoz.com/wp-json/wp/v2/posts/1487.json]
[francomunoz.com/wp-content/uploads/2024/10/Rene-postblancoynegro-1-1024x1024.jpg]
[francomunoz.com/rene-munoz-secures-2-4-million-for-client-in-workers-compensation-case-after-insurance-denial/index.html]
[francomunoz.com/tag/compromise-and-release/Firefox/index.html]
[francomunoz.com/tag/resign/Firefox/index.html]
[francomunoz.com/tag/resignation/Firefox/index.html]
[francomunoz.com/tag/settlement/Firefox/index.html]
[francomunoz.com/es/can-you-tell-me-the-two-main-ways-to-settle-my-workers-comp-case/index.html]
[francomunoz.com/2026/07/Firefox/index.html]
[francomunoz.com/2026/06/Firefox/index.html]
[francomunoz.com/2026/05/Firefox/index.html]
[francomunoz.com/es/how-much-money-can-i-get-for-my-personal-injury-case-in-california/index.html]
[francomunoz.com/2026/04/Firefox/index.html]
[francomunoz.com/2026/03/Firefox/index.html]
[francomunoz.com/es/how-to-increase-the-value-of-your-neck-injury-workers-compensation-case/index.html]
[francomunoz.com/wp-json/oembed/1.0/embedf1e8.json]
[francomunoz.com/wp-json/oembed/1.0/embed2d44]
[francomunoz.com/two-ways-to-settle-your-workers-compensation-case/index.html]
[francomunoz.com/2026/02/Firefox/index.html]
[francomunoz.com/es/how-to-increase-the-value-of-your-back-injury-case/index.html]
[francomunoz.com/wp-json/wp/v2/posts/1376.json]
[francomunoz.com/wp-json/oembed/1.0/embedc815.json]
[francomunoz.com/wp-json/oembed/1.0/embed89a0]
[francomunoz.com/how-to-increase-the-value-of-your-back-injury-case/index.html]
[francomunoz.com/wp-json/wp/v2/posts/1869.json]
[francomunoz.com/wp-json/oembed/1.0/embed9e0f.json]
[francomunoz.com/wp-json/oembed/1.0/embedc056]
[francomunoz.com/wp-json/wp/v2/posts/1370.json]
[francomunoz.com/wp-content/uploads/2024/07/dangerous.jpg]
[francomunoz.com/top-10-most-dangerous-jobs-in-the-united-states/index.html]
[francomunoz.com/2026/01/Firefox/index.html]
[francomunoz.com/es/how-much-is-my-workers-compensation-case-worth/index.html]
[francomunoz.com/wp-json/oembed/1.0/embed4f27.json]
[francomunoz.com/wp-json/oembed/1.0/embed7938]
[francomunoz.com/how-much-is-my-workers-compensation-case-worth/index.html]
[francomunoz.com/wp-json/wp/v2/posts/1855.json]
[francomunoz.com/wp-json/oembed/1.0/embedd721.json]
[francomunoz.com/wp-json/oembed/1.0/embed886e]
[francomunoz.com/choosing-the-right-brain-injury-attorney-why-expertise-matters/index.html]
[francomunoz.com/2025/12/Firefox/index.html]
[francomunoz.com/2025/11/Firefox/index.html]
[francomunoz.com/es/the-risky-air-at-teslas-fremont-plant-a-call-for-workplace-safety/index.html]
[francomunoz.com/wp-json/wp/v2/posts/1364.json]
[francomunoz.com/wp-json/oembed/1.0/embed6d2c.json]
[francomunoz.com/wp-json/oembed/1.0/embede0e2]
[francomunoz.com/the-risky-air-at-teslas-fremont-plant-a-call-for-workplace-safety/index.html]
[francomunoz.com/wp-json/wp/v2/posts/1356.json]
[francomunoz.com/wp-json/oembed/1.0/embed2cfb.json]
[francomunoz.com/wp-json/oembed/1.0/embed98b2]
[francomunoz.com/wp-json/wp/v2/posts/1351.json]
[francomunoz.com/wp-content/uploads/2025/11/work-comp-lawyer.jpg]
[francomunoz.com/need-a-workmans-comp-lawyer-understanding-your-rights-and-how-we-can-help/index.html]
[francomunoz.com/2025/10/Firefox/index.html]
[francomunoz.com/es/why-you-need-expert-trucking-accident-lawyers-for-your-case/index.html]
[francomunoz.com/wp-json/oembed/1.0/embed72b7.json]
[francomunoz.com/wp-json/oembed/1.0/embeda470]
[francomunoz.com/wp-json/wp/v2/posts/1261.json]
[francomunoz.com/wp-content/uploads/2024/06/truck.jpg]
[francomunoz.com/why-you-need-expert-trucking-accident-lawyers-for-your-case/index.html]
[francomunoz.com/wp-json/oembed/1.0/embeda397.json]
[francomunoz.com/wp-json/oembed/1.0/embeda405]
[francomunoz.com/wp-json/wp/v2/posts/1347.json]
[francomunoz.com/wp-content/uploads/2024/06/drowning.png]
[francomunoz.com/when-tragedy-strikes-on-water-the-role-of-a-drowning-accident-lawyer/index.html]
[francomunoz.com/2025/09/Firefox/index.html]
[francomunoz.com/es/top-5-reasons-you-need-a-workers-compensation-attorney/index.html]
[francomunoz.com/2025/08/Firefox/index.html]
[francomunoz.com/es/navigating-the-complexities-of-workers-compensation-claims-tips-from-a-workers-comp-lawyer-near-me/index.html]
[francomunoz.com/wp-json/oembed/1.0/embedc5ea.json]
[francomunoz.com/wp-json/oembed/1.0/embede740]
[francomunoz.com/wp-json/wp/v2/posts/1336.json]
[francomunoz.com/wp-content/uploads/2024/06/lyft.jpg]
[francomunoz.com/injured-in-a-lyft-or-uber-accident-trust-our-experienced-rideshare-accident-lawyers/index.html]
[francomunoz.com/2025/07/Firefox/index.html]
[francomunoz.com/es/how-to-appeal-a-denied-workers-compensation-claim/index.html]
[francomunoz.com/2025/06/Firefox/index.html]
[francomunoz.com/es/understanding-your-rights-after-a-workplace-injury-a-guide-to-protecting-your-workers-compensation-claim/index.html]
[francomunoz.com/wp-json/oembed/1.0/embed9a3c.json]
[francomunoz.com/wp-json/oembed/1.0/embed806f]
[francomunoz.com/wp-json/wp/v2/posts/1423.json]
[francomunoz.com/wp-content/uploads/2025/06/protect-claim-1024x585.png]
[francomunoz.com/understanding-your-rights-after-a-workplace-injury-a-guide-to-protecting-your-workers-compensation-claim/index.html]
[francomunoz.com/wp-json/oembed/1.0/embed500b.json]
[francomunoz.com/wp-json/oembed/1.0/embeda112]
[francomunoz.com/wp-json/wp/v2/posts/1306.json]
[francomunoz.com/wp-content/uploads/2025/06/bay-are-lawyer-1024x586.png]
[francomunoz.com/finding-the-best-car-accident-attorney-near-me-in-the-bay-area/index.html]
[francomunoz.com/2025/05/Firefox/index.html]
[francomunoz.com/es/top-5-mistakes-workers-compensation-lawyers-make-and-how-to-avoid-them/index.html]
[francomunoz.com/wp-json/oembed/1.0/embeda779.json]
[francomunoz.com/wp-json/oembed/1.0/embed1c22]
[francomunoz.com/wp-json/wp/v2/posts/1676.json]
[francomunoz.com/wp-content/uploads/2025/01/mom-ct-intake.jpg]
[francomunoz.com/mothers-day-and-cumulative-trauma-highlighting-womens-contributions-and-challenges-in-the-workplace/index.html]
[francomunoz.com/2025/04/Firefox/index.html]
[francomunoz.com/es/workplace-fire-and-explosion-injury-claims/index.html]
[francomunoz.com/wp-json/oembed/1.0/embedba3b.json]
[francomunoz.com/wp-json/oembed/1.0/embedf301]
[francomunoz.com/wp-json/wp/v2/posts/1729.json]
[francomunoz.com/wp-content/uploads/2025/04/Martinez-fire-1024x559.jpg]
[francomunoz.com/workplace-fire-and-explosion-injury-claims/index.html]
[francomunoz.com/wp-json/oembed/1.0/embedc9db.json]
[francomunoz.com/wp-json/oembed/1.0/embedfc09]
[francomunoz.com/wp-json/wp/v2/posts/1672.json]
[francomunoz.com/wp-content/uploads/2025/01/minblock-movie.jpg]
[francomunoz.com/what-minecraft-the-movie-can-teach-us-about-building-a-strong-workers-compensation-claim/index.html]
[francomunoz.com/2025/03/Firefox/index.html]
[francomunoz.com/es/the-most-common-workplace-injuries-in-the-bay-area/index.html]
[francomunoz.com/wp-json/oembed/1.0/embed7b7e.json]
[francomunoz.com/wp-json/oembed/1.0/embed3cdf]
[francomunoz.com/san-francisco-workers-what-to-do-if-your-claim-is-denied/index.html]
[francomunoz.com/wp-json/wp/v2/posts/1759.json]
[francomunoz.com/wp-json/oembed/1.0/embed211d.json]
[francomunoz.com/wp-json/oembed/1.0/embedb517]
[francomunoz.com/workers-compensation-benefits-bay-area-what-injured-workers-can-receive/index.html]
[francomunoz.com/wp-json/wp/v2/posts/1754.json]
[francomunoz.com/wp-json/oembed/1.0/embed2d83.json]
[francomunoz.com/wp-json/oembed/1.0/embedaa36]
[francomunoz.com/wp-json/wp/v2/posts/1669.json]
[francomunoz.com/wp-content/uploads/2025/01/galaxy-intake.jpg]
[francomunoz.com/eclipses-and-invisible-rings-what-the-cosmos-can-teach-us-about-workers-compensation/index.html]
[francomunoz.com/wp-json/oembed/1.0/embedba07.json]
[francomunoz.com/wp-json/oembed/1.0/embed9a1f]
[francomunoz.com/wp-json/wp/v2/posts/1662.json]
[francomunoz.com/wp-content/uploads/2025/01/UFC-intake.jpg]
[francomunoz.com/fighting-for-fair-compensation-what-ufc-fight-night-253-teaches-us-about-workers-compensation-for-multiple-injuries/index.html]
[francomunoz.com/2025/02/Firefox/index.html]
[francomunoz.com/es/workers-compensation-for-athletes-lessons-from-the-super-bowl-and-the-hidden-impact-of-head-injuries/index.html]
[francomunoz.com/2025/01/Firefox/index.html]
[francomunoz.com/es/how-to-close-your-workers-compensation-case-in-2025-what-you-need-to-know-in-a-changing-world/index.html]
[francomunoz.com/wp-json/oembed/1.0/embed026f.json]
[francomunoz.com/wp-json/oembed/1.0/embed9375]
[francomunoz.com/wp-json/wp/v2/posts/1689.json]
[francomunoz.com/wp-content/uploads/2025/01/Rene-pasadena-1.jpg]
[francomunoz.com/6-crucial-tips-for-victims-of-the-los-angeles-pacific-palisades-pasadena-and-altadena-fires/index.html]
[francomunoz.com/wp-json/oembed/1.0/embed6052.json]
[francomunoz.com/wp-json/oembed/1.0/embedd7a4]
[francomunoz.com/wp-json/wp/v2/posts/1685.json]
[francomunoz.com/wp-content/uploads/2025/01/Safeway-post.jpg]
[francomunoz.com/safeguarding-workers-lessons-from-cal-oshas-citations-against-safeway/index.html]
[francomunoz.com/wp-json/oembed/1.0/embedb288.json]
[francomunoz.com/wp-json/oembed/1.0/embed30eb]
[francomunoz.com/understanding-workers-compensation-time-limits-2/index.html]
[francomunoz.com/2024/12/Firefox/index.html]
[francomunoz.com/es/do-workwhile-workers-have-a-valid-workers-compensation-case/index.html]
[francomunoz.com/wp-json/wp/v2/posts/1196.json]
[francomunoz.com/wp-json/oembed/1.0/embed98f4.json]
[francomunoz.com/wp-json/oembed/1.0/embed2f3f]
[francomunoz.com/wp-json/wp/v2/posts/1633.json]
[francomunoz.com/wp-content/uploads/2024/12/indepedent-photo.jpg]
[francomunoz.com/do-workwhile-workers-have-a-valid-workers-compensation-case/index.html]
[francomunoz.com/wp-json/oembed/1.0/embedf551.json]
[francomunoz.com/wp-json/oembed/1.0/embedc9a0]
[francomunoz.com/wp-json/wp/v2/posts/1271.json]
[francomunoz.com/wp-content/uploads/2024/06/18-wheel.jpg]
[francomunoz.com/why-you-need-an-18-wheeler-accident-lawyer-for-your-case/index.html]
[francomunoz.com/wp-json/oembed/1.0/embeddb09.json]
[francomunoz.com/wp-json/oembed/1.0/embed9e68]
[francomunoz.com/wp-json/wp/v2/posts/1340.json]
[francomunoz.com/wp-content/uploads/2024/12/brain-1.jpg]
[francomunoz.com/understanding-brain-injuries-in-the-workplace-how-a-brain-injury-lawyer-can-help/index.html]
[francomunoz.com/wp-json/oembed/1.0/embed635b.json]
[francomunoz.com/wp-json/oembed/1.0/embed81ce]
[francomunoz.com/wp-json/wp/v2/posts/1225.json]
[francomunoz.com/wp-content/uploads/2024/06/CT-1020x1024.jpg]
[francomunoz.com/understanding-liability-for-cumulative-trauma-injuries-what-workers-need-to-know/index.html]
[francomunoz.com/2024/11/Firefox/index.html]
[francomunoz.com/es/why-you-need-a-california-construction-accident-lawyer-for-your-case/index.html]
[francomunoz.com/wp-json/oembed/1.0/embed7dc3.json]
[francomunoz.com/wp-json/oembed/1.0/embed88b8]
[francomunoz.com/wp-json/wp/v2/posts/1266.json]
[francomunoz.com/wp-content/uploads/2024/11/construction.jpg]
[francomunoz.com/why-you-need-a-california-construction-accident-lawyer-for-your-case/index.html]
[francomunoz.com/wp-json/oembed/1.0/embed2b78.json]
[francomunoz.com/wp-json/oembed/1.0/embedd742]
[francomunoz.com/wp-json/wp/v2/posts/1325.json]
[francomunoz.com/wp-content/uploads/2024/06/office-3-1024x585.jpg]
[francomunoz.com/why-you-need-a-workers-comp-attorney-in-the-bay-area/index.html]
[francomunoz.com/wp-json/oembed/1.0/embedf0cf.json]
[francomunoz.com/wp-json/oembed/1.0/embed45cd]
[francomunoz.com/wp-json/wp/v2/posts/1220.json]
[francomunoz.com/wp-content/uploads/2024/06/voucher-1020x1024.jpg]
[francomunoz.com/wcab-extends-voucher-use-time-due-to-covid-19-what-you-need-to-know/index.html]
[francomunoz.com/2024/10/Firefox/index.html]
[francomunoz.com/es/californias-workers-compensation-rates-set-to-decline-what-this-means-for-injured-workers/index.html]
[francomunoz.com/wp-json/oembed/1.0/embed9510.json]
[francomunoz.com/wp-json/oembed/1.0/embed1f00]
[francomunoz.com/wp-json/wp/v2/posts/1491.json]
[francomunoz.com/wp-content/uploads/2024/10/rates-drop.png]
[francomunoz.com/californias-workers-compensation-rates-set-to-decline-what-this-means-for-injured-workers/index.html]
[francomunoz.com/wp-json/oembed/1.0/embed2b2f.json]
[francomunoz.com/wp-json/oembed/1.0/embed20d9]
[francomunoz.com/wp-json/wp/v2/posts/1482.json]
[francomunoz.com/wp-content/uploads/2024/10/prescription-photo.jpg]
[francomunoz.com/the-rising-costs-of-migraine-medications-in-california-workers-compensation-what-you-need-to-know/index.html]
[francomunoz.com/wp-json/oembed/1.0/embed747e.json]
[francomunoz.com/wp-json/oembed/1.0/embed6cff]
[francomunoz.com/wp-json/wp/v2/posts/1317.json]
[francomunoz.com/wp-content/uploads/2024/06/multiple-attys-1024x586.png]
[francomunoz.com/finding-the-best-attorney-for-car-accident-cases/index.html]
[francomunoz.com/wp-json/oembed/1.0/embedbd84.json]
[francomunoz.com/wp-json/oembed/1.0/embedc256]
[francomunoz.com/wp-json/wp/v2/posts/1215.json]
[francomunoz.com/wp-content/uploads/2024/06/premise-1020x1024.jpg]
[francomunoz.com/what-is-the-premises-line-rule-in-workers-compensation/index.html]
[francomunoz.com/2024/09/Firefox/index.html]
[francomunoz.com/es/top-5-things-your-lawyer-can-do-to-increase-the-value-of-your-workers-comp-case/index.html]
[francomunoz.com/wp-json/oembed/1.0/embed7ccc.json]
[francomunoz.com/wp-json/oembed/1.0/embeda867]
[francomunoz.com/wp-json/wp/v2/posts/1451.json]
[francomunoz.com/wp-content/uploads/2024/06/lawyer-on-desk.jpg]
[francomunoz.com/top-5-things-your-lawyer-can-do-to-increase-the-value-of-your-workers-comp-case/index.html]
[francomunoz.com/wp-json/oembed/1.0/embed6480.json]
[francomunoz.com/wp-json/oembed/1.0/embed079a]
[francomunoz.com/wp-json/wp/v2/posts/1206.json]
[francomunoz.com/wp-content/uploads/2024/08/doctor-1020x1024.jpg]
[francomunoz.com/changing-your-doctor-after-being-discharged-from-care/index.html]
[francomunoz.com/wp-json/oembed/1.0/embeddf28.json]
[francomunoz.com/wp-json/oembed/1.0/embedb1ba]
[francomunoz.com/wp-json/wp/v2/posts/1255.json]
[francomunoz.com/wp-content/uploads/2024/06/moto.jpg]
[francomunoz.com/finding-the-best-motorcycle-accident-lawyer-for-your-case/index.html]
[francomunoz.com/wp-json/oembed/1.0/embed9e22.json]
[francomunoz.com/wp-json/oembed/1.0/embed0197]
[francomunoz.com/wp-json/wp/v2/posts/1312.json]
[francomunoz.com/wp-content/uploads/2024/06/bay-area-2-1024x586.jpg]
[francomunoz.com/why-you-need-a-car-accident-attorney-in-the-bay-area/index.html]
[francomunoz.com/wp-json/oembed/1.0/embed8fa1.json]
[francomunoz.com/wp-json/oembed/1.0/embedc396]
[francomunoz.com/is-it-convenient-for-an-insurance-company-to-close-a-workers-compensation-case/index.html]
[francomunoz.com/wp-json/wp/v2/posts/1474.json]
[francomunoz.com/wp-json/oembed/1.0/embed719e.json]
[francomunoz.com/wp-json/oembed/1.0/embed7902]
[francomunoz.com/understanding-the-exclusive-remedy-rule-and-claims-against-co-workers/index.html]
[francomunoz.com/2024/08/Firefox/index.html]
[francomunoz.com/es/7-essential-tips-for-success-in-your-workers-compensation-case/index.html]
[francomunoz.com/wp-json/wp/v2/posts/1211.json]
[francomunoz.com/wp-json/oembed/1.0/embed8d02.json]
[francomunoz.com/wp-json/oembed/1.0/embed9650]
[francomunoz.com/7-essential-tips-for-success-in-your-workers-compensation-case/index.html]
[francomunoz.com/wp-json/wp/v2/posts/1469.json]
[francomunoz.com/wp-json/oembed/1.0/embed142b.json]
[francomunoz.com/wp-json/oembed/1.0/embed57c1]
[francomunoz.com/wp-json/wp/v2/posts/1449.json]
[francomunoz.com/wp-content/uploads/2024/07/denied-claim-1024x585.jpg]
[francomunoz.com/top-5-mistakes-workers-compensation-attorneys-make-and-how-to-avoid-them/index.html]
[francomunoz.com/wp-json/oembed/1.0/embed9013.json]
[francomunoz.com/wp-json/oembed/1.0/embedbce8]
[francomunoz.com/why-you-need-a-personal-injury-attorney-for-brain-injury-cases/index.html]
[francomunoz.com/wp-json/wp/v2/posts/1249.json]
[francomunoz.com/wp-json/oembed/1.0/embedcd6d.json]
[francomunoz.com/wp-json/oembed/1.0/embed6fac]
[francomunoz.com/wp-json/wp/v2/posts/1462.json]
[francomunoz.com/wp-content/uploads/2024/08/QME-image.jpg]
[francomunoz.com/understanding-the-role-of-a-qme-state-doctor-and-their-importance-in-your-workers-compensation-case/index.html]
[francomunoz.com/wp-json/oembed/1.0/embed892b.json]
[francomunoz.com/wp-json/oembed/1.0/embed5dac]
[francomunoz.com/wp-json/wp/v2/posts/1458.json]
[francomunoz.com/wp-content/uploads/2024/07/lyft.jpg]
[francomunoz.com/the-essential-guide-to-choosing-the-right-lyft-accident-lawyer/index.html]
[francomunoz.com/2024/07/Firefox/index.html]
[francomunoz.com/es/workers-compensation-lawyer-how-to-choose-the-best-and-increase-the-value-of-your-case/index.html]
[francomunoz.com/wp-json/oembed/1.0/embedba4a.json]
[francomunoz.com/wp-json/oembed/1.0/embed258e]
[francomunoz.com/wp-json/wp/v2/posts/1457.json]
[francomunoz.com/wp-content/uploads/2024/07/best-lawyer.jpg]
[francomunoz.com/workers-compensation-lawyer-how-to-choose-the-best-and-increase-the-value-of-your-case/index.html]
[francomunoz.com/wp-json/oembed/1.0/embed95de.json]
[francomunoz.com/wp-json/oembed/1.0/embed639a]
[francomunoz.com/wp-json/wp/v2/posts/1437.json]
[francomunoz.com/wp-content/uploads/2024/07/lawyer-1.jpg]
[francomunoz.com/finding-the-right-workers-comp-lawyer-near-me-a-comprehensive-guide/index.html]
[francomunoz.com/wp-json/oembed/1.0/embed3ccd.json]
[francomunoz.com/wp-json/oembed/1.0/embed77bc]
[francomunoz.com/wp-json/wp/v2/posts/1407.json]
[francomunoz.com/wp-content/uploads/2024/07/chart-questions-1024x573.jpg]
[francomunoz.com/top-10-things-to-look-for-in-a-workers-compensation-lawyer-before-hiring/index.html]
[francomunoz.com/2024/06/Firefox/index.html]
[francomunoz.com/es/how-to-determine-the-level-of-disability-for-a-back-injury-in-workers-compensation-cases/index.html]
[francomunoz.com/wp-json/oembed/1.0/embed638e.json]
[francomunoz.com/wp-json/oembed/1.0/embed09bf]
[francomunoz.com/understanding-workers-compensation-benefits-in-assault-cases-the-maravilla-case/index.html]
[francomunoz.com/2023/12/Firefox/index.html]
[francomunoz.com/es/steve-franco-wins-1000000-million-award-for-injured-roofer/index.html]
[francomunoz.com/wp-json/wp/v2/posts/1174.json]
[francomunoz.com/wp-json/oembed/1.0/embedeb40.json]
[francomunoz.com/wp-json/oembed/1.0/embedd222]
[francomunoz.com/steve-franco-wins-1000000-million-award-for-injured-roofer/index.html]
[francomunoz.com/2023/09/Firefox/index.html]
[francomunoz.com/es/the-prestigious-inc-5000-has-recognized-franco-/index.html]
[francomunoz.com/wp-json/wp/v2/posts/849.json]
[francomunoz.com/wp-json/oembed/1.0/embed7d8f.json]
[francomunoz.com/wp-json/oembed/1.0/embedf306]
[francomunoz.com/the-prestigious-inc-5000-has-recognized-franco-/index.html]
[francomunoz.com/2023/07/Firefox/index.html]
[francomunoz.com/es/celebrating-a-landmark-court-victory-justice-prevails-for-franco-munoz/index.html]
[francomunoz.com/wp-json/wp/v2/posts/841.json]
[francomunoz.com/wp-json/oembed/1.0/embed59fd.json]
[francomunoz.com/wp-json/oembed/1.0/embedc75b]
[francomunoz.com/celebrating-a-landmark-court-victory-justice-prevails-for-franco-munoz/index.html]
[francomunoz.com/2022/12/Firefox/index.html]
[francomunoz.com/es/rene-munoz-wins-1-85-million-for-injured-tesla-automobile-worker/index.html]
[francomunoz.com/2022/08/Firefox/index.html]
[francomunoz.com/es/how-much-can-i-get-for-my-workers-comp-case/index.html]
[francomunoz.com/wp-json/wp/v2/posts/817.json]
[francomunoz.com/wp-json/oembed/1.0/embed9342.json]
[francomunoz.com/wp-json/oembed/1.0/embedbcc4]
[francomunoz.com/how-much-can-i-get-for-my-workers-comp-case/index.html]
[francomunoz.com/wp-json/wp/v2/posts/665.json]
[francomunoz.com/2022/04/Firefox/index.html]
[francomunoz.com/es/what-is-a-deposition-in-my-workers-comp-case/index.html]
[francomunoz.com/wp-json/oembed/1.0/embed36de.json]
[francomunoz.com/wp-json/oembed/1.0/embed944a]
[francomunoz.com/what-is-a-deposition-in-my-workers-comp-case/index.html]
[francomunoz.com/wp-json/wp/v2/posts/629.json]
[francomunoz.com/tag/deposition/index.html]
[francomunoz.com/wp-json/wp/v2/tags/709.json]
[francomunoz.com/tag/deposition/feed/index.html]
[francomunoz.com/tag/workers-compensation/index.html]
[francomunoz.com/2021/02/Firefox/index.html]
[francomunoz.com/es/5-reasons-you-need-a-workers-comp-lawyer-in-california/index.html]
[francomunoz.com/wp-json/wp/v2/tags/710.json]
[francomunoz.com/tag/workers-compensation/feed/index.html]
[francomunoz.com/wp-json/oembed/1.0/embedff0c.json]
[francomunoz.com/wp-json/oembed/1.0/embed77c4]
[francomunoz.com/wp-json/wp/v2/posts/594.json]
[francomunoz.com/wp-content/uploads/2020/06/heart-attack.jpg]
[francomunoz.com/5-reasons-you-need-a-workers-comp-lawyer-in-california/index.html]
[francomunoz.com/tag/denied-claim/index.html]
[francomunoz.com/wp-json/wp/v2/tags/20.json]
[francomunoz.com/tag/denied-claim/feed/index.html]
[francomunoz.com/tag/free-consultation/index.html]
[francomunoz.com/wp-json/wp/v2/tags/702.json]
[francomunoz.com/tag/free-consultation/feed/index.html]
[francomunoz.com/tag/reasons-you-need-a-workers-comp-attorney/index.html]
[francomunoz.com/wp-json/wp/v2/tags/703.json]
[francomunoz.com/tag/reasons-you-need-a-workers-comp-attorney/feed/index.html]
[francomunoz.com/tag/workers-comp-benefits/index.html]
[francomunoz.com/2020/11/Firefox/index.html]
[francomunoz.com/es/did-the-insurance-company-deny-your-workers-comp-claim/index.html]
[francomunoz.com/wp-json/wp/v2/tags/704.json]
[francomunoz.com/tag/workers-comp-benefits/feed/index.html]
[images.squarespace-cdn.com/content/50b6d792e4b08cfc02957548/1363301501662-2AS6KDJQWY9008N580Z1/Denied-Stampee8a.jpg]
[francomunoz.com/wp-json/oembed/1.0/embed8b83.json]
[francomunoz.com/wp-json/oembed/1.0/embeda74c]
[francomunoz.com/did-the-insurance-company-deny-your-workers-comp-claim/index.html]
[francomunoz.com/2020/04/Firefox/index.html]
[francomunoz.com/es/top-financial-resources-for-californians-affected-by-covid-19-virus/index.html]
[francomunoz.com/wp-json/wp/v2/posts/585.json]
[francomunoz.com/wp-json/oembed/1.0/embedd2e9.json]
[francomunoz.com/wp-json/oembed/1.0/embed5597]
[francomunoz.com/top-financial-resources-for-californians-affected-by-covid-19-virus/index.html]
[francomunoz.com/wp-json/wp/v2/posts/475.json]
[francomunoz.com/tag/covid-19/index.html]
[francomunoz.com/wp-json/wp/v2/tags/508.json]
[francomunoz.com/tag/covid-19/feed/index.html]
[francomunoz.com/tag/financial-resources/index.html]
[francomunoz.com/wp-json/wp/v2/tags/507.json]
[francomunoz.com/tag/financial-resources/feed/index.html]
[francomunoz.com/tag/workers-comp-rights/index.html]
[francomunoz.com/2020/03/Firefox/index.html]
[francomunoz.com/es/im-hurt-and-dont-agree-with-the-doctors-work-restrictions-what-are-my-options/index.html]
[francomunoz.com/wp-json/wp/v2/tags/509.json]
[francomunoz.com/tag/workers-comp-rights/feed/index.html]
[francomunoz.com/wp-json/oembed/1.0/embed89ed.json]
[francomunoz.com/wp-json/oembed/1.0/embed4eb2]
[francomunoz.com/wp-json/wp/v2/posts/469.json]
[francomunoz.com/wp-content/uploads/2024/06/tbi.jpg]
[francomunoz.com/im-hurt-and-dont-agree-with-the-doctors-work-restrictions-what-are-my-options/index.html]
[francomunoz.com/tag/modified-work/index.html]
[francomunoz.com/wp-json/wp/v2/tags/443.json]
[francomunoz.com/tag/modified-work/feed/index.html]
[francomunoz.com/tag/temporary-total-disability/index.html]
[francomunoz.com/wp-json/wp/v2/tags/444.json]
[francomunoz.com/tag/temporary-total-disability/feed/index.html]
[francomunoz.com/tag/work-restrictions/index.html]
[francomunoz.com/2020/02/Firefox/index.html]
[francomunoz.com/es/franco-munoz-law-firm-wins-1-6-million-award-for-client-in-workers-comp-case/index.html]
[francomunoz.com/2019/10/Firefox/index.html]
[francomunoz.com/es/i-have-carpal-tunnel-in-my-hands-could-that-be-work-related/index.html]
[francomunoz.com/wp-json/wp/v2/tags/442.json]
[francomunoz.com/tag/work-restrictions/feed/index.html]
[francomunoz.com/wp-json/oembed/1.0/embedaa0b.json]
[francomunoz.com/wp-json/oembed/1.0/embede5f2]
[francomunoz.com/i-have-carpal-tunnel-in-my-hands-could-that-be-work-related/index.html]
[francomunoz.com/2019/08/Firefox/index.html]
[francomunoz.com/es/tbi-primer-how-do-we-evaluate-a-traumatic-brain-injury/index.html]
[francomunoz.com/wp-json/wp/v2/posts/461.json]
[francomunoz.com/tag/ama-guides/index.html]
[francomunoz.com/wp-json/wp/v2/tags/199.json]
[francomunoz.com/tag/ama-guides/feed/index.html]
[francomunoz.com/tag/mild-traumatic-brain-injury/index.html]
[francomunoz.com/wp-json/wp/v2/tags/200.json]
[francomunoz.com/tag/mild-traumatic-brain-injury/feed/index.html]
[francomunoz.com/tag/mtbi/index.html]
[francomunoz.com/wp-json/wp/v2/tags/201.json]
[francomunoz.com/tag/mtbi/feed/index.html]
[francomunoz.com/tag/tbi/index.html]
[francomunoz.com/2018/12/Firefox/index.html]
[francomunoz.com/es/do-i-have-a-workers-comp-case-if-i-get-injured-driving-to-work/index.html]
[francomunoz.com/wp-json/wp/v2/tags/194.json]
[francomunoz.com/tag/tbi/feed/index.html]
[francomunoz.com/wp-json/oembed/1.0/embed6134.json]
[francomunoz.com/wp-json/oembed/1.0/embed69fa]
[francomunoz.com/do-i-have-a-workers-comp-case-if-i-get-injured-driving-to-work/index.html]
[francomunoz.com/2018/10/Firefox/index.html]
[francomunoz.com/2018/08/Firefox/index.html]
[francomunoz.com/es/i-work-an-extremely-stressful-job-and-i-suffered-a-heart-attack-am-i-eligible-for-workers-compensation-benefits/index.html]
[francomunoz.com/wp-json/wp/v2/posts/440.json]
[francomunoz.com/wp-json/oembed/1.0/embedd530.json]
[francomunoz.com/wp-json/oembed/1.0/embedf834]
[francomunoz.com/i-work-an-extremely-stressful-job-and-i-suffered-a-heart-attack-am-i-eligible-for-workers-compensation-benefits/index.html]
[francomunoz.com/wp-json/wp/v2/posts/432.json]
[francomunoz.com/tag/eligible-for-benefits/index.html]
[francomunoz.com/wp-json/wp/v2/tags/13.json]
[francomunoz.com/tag/eligible-for-benefits/feed/index.html]
[francomunoz.com/tag/heart-attack/index.html]
[francomunoz.com/wp-json/wp/v2/tags/9.json]
[francomunoz.com/tag/heart-attack/feed/index.html]
[francomunoz.com/tag/injury/index.html]
[francomunoz.com/wp-json/wp/v2/tags/11.json]
[francomunoz.com/tag/injury/feed/index.html]
[francomunoz.com/tag/stressful-job/index.html]
[francomunoz.com/wp-json/wp/v2/tags/12.json]
[francomunoz.com/tag/stressful-job/feed/index.html]
[francomunoz.com/tag/workers-comp/index.html]
[francomunoz.com/2018/07/Firefox/index.html]
[francomunoz.com/es/i-was-injured-but-i-think-my-boss-knowingly-put-me-in-a-very-dangerous-situation-is-there-anything-else-that-can-be-done-for-me/index.html]
[francomunoz.com/wp-json/wp/v2/tags/10.json]
[francomunoz.com/tag/workers-comp/feed/index.html]
[francomunoz.com/wp-json/oembed/1.0/embed18b2.json]
[francomunoz.com/wp-json/oembed/1.0/embed98a1]
[francomunoz.com/i-was-injured-but-i-think-my-boss-knowingly-put-me-in-a-very-dangerous-situation-is-there-anything-else-that-can-be-done-for-me/index.html]
[francomunoz.com/wp-json/wp/v2/posts/427.json]
[francomunoz.com/tag/dangerous-situation/index.html]
[francomunoz.com/wp-json/wp/v2/tags/6.json]
[francomunoz.com/tag/dangerous-situation/feed/index.html]
[francomunoz.com/tag/serious-and-willful-misconduct/index.html]
[francomunoz.com/2018/05/Firefox/index.html]
[francomunoz.com/es/the-insurance-company-denied-my-claim-but-i-need-medical-treatment-can-i-use-my-private-medical-insurance/index.html]
[francomunoz.com/wp-json/wp/v2/tags/7.json]
[francomunoz.com/tag/serious-and-willful-misconduct/feed/index.html]
[francomunoz.com/wp-json/oembed/1.0/embedf9fc.json]
[francomunoz.com/wp-json/oembed/1.0/embed07f1]
[francomunoz.com/the-insurance-company-denied-my-claim-but-i-need-medical-treatment-can-i-use-my-private-medical-insurance/index.html]
[francomunoz.com/wp-json/wp/v2/posts/424.json]
[francomunoz.com/tag/medical-treatment/index.html]
[francomunoz.com/2018/04/Firefox/index.html]
[francomunoz.com/es/im-afraid-i-might-be-fired-because-of-my-injury-can-my-employer-fire-me-2/index.html]
[francomunoz.com/wp-json/wp/v2/tags/21.json]
[francomunoz.com/tag/medical-treatment/feed/index.html]
[francomunoz.com/wp-json/oembed/1.0/embed28bf.json]
[francomunoz.com/wp-json/oembed/1.0/embed778e]
[francomunoz.com/wp-json/wp/v2/posts/413.json]
[francomunoz.com/wp-content/uploads/2024/11/San-Francisco-office-person.jpg]
[francomunoz.com/im-afraid-i-might-be-fired-because-of-my-injury-can-my-employer-fire-me-2/index.html]
[francomunoz.com/2018/02/Firefox/index.html]
[francomunoz.com/2017/10/Firefox/index.html]
[francomunoz.com/es/wp-json/oembed/1.0/embed88da.json]
[francomunoz.com/es/wp-json/oembed/1.0/embed3a74]
[francomunoz.com/es/i-was-hurt-on-the-job-but-dont-know-what-to-do-what-should-i-do-first/index.html]
[francomunoz.com/es/wp-json/wp/v2/posts/345.json]
[francomunoz.com/wp-json/oembed/1.0/embed1bfa.json]
[francomunoz.com/wp-json/oembed/1.0/embed63f4]
[francomunoz.com/i-was-hurt-on-the-job-but-dont-know-what-to-do-what-should-i-do-first/index.html]
[francomunoz.com/wp-json/wp/v2/posts/213.json]
[francomunoz.com/wp-json/oembed/1.0/embed96fe.json]
[francomunoz.com/wp-json/oembed/1.0/embedc0b8]
[francomunoz.com/the-insurance-company-accepted-my-claim-and-started-paying-me-temporary-disability-benefits-how-long-will-i-receive-these-benefits/index.html]
[francomunoz.com/wp-json/wp/v2/posts/211.json]
[francomunoz.com/wp-json/oembed/1.0/embed16ff.json]
[francomunoz.com/wp-json/oembed/1.0/embed5c1a]
[francomunoz.com/im-afraid-i-might-be-fired-because-of-my-injury-can-my-employer-fire-me/index.html]
[francomunoz.com/category/100-permanent-disability/Firefox/index.html]
[francomunoz.com/category/accident-attorney/Firefox/index.html]
[francomunoz.com/wp-json/wp/v2/posts/209.json]
[francomunoz.com/category/accident-attorney/page/2/index.html]
[francomunoz.com/es/can-you-be-fired-for-filing-a-workers-compensation-claim-in-california/index.html]
[francomunoz.com/category/accident-attorney/page/3/index.html]
[francomunoz.com/category/accident-attorney/page/4/index.html]
[francomunoz.com/index8f02.html]
[francomunoz.com/category/ama-guides/Firefox/index.html]
[francomunoz.com/category/back-injury/Firefox/index.html]
[francomunoz.com/category/brain-injury-2/Firefox/index.html]
[francomunoz.com/es/choosing-the-right-brain-injury-attorney-why-expertise-matters/index.html]
[francomunoz.com/category/burn-injury/Firefox/index.html]
[francomunoz.com/category/cal-osha/Firefox/index.html]
[francomunoz.com/category/car-accident/Firefox/index.html]
[francomunoz.com/es/finding-the-best-attorney-for-car-accident-cases/index.html]
[francomunoz.com/category/carpal-tunnel/Firefox/index.html]
[francomunoz.com/category/construction-accident-lawyer/Firefox/index.html]
[francomunoz.com/es/800000-settlement-for-worker-injured-in-devastating-fall-while-installing-windows/index.html]
[francomunoz.com/category/crps/Firefox/index.html]
[francomunoz.com/category/cumulative-trauma/Firefox/index.html]
[francomunoz.com/es/mothers-day-and-cumulative-trauma-highlighting-womens-contributions-and-challenges-in-the-workplace/index.html]
[francomunoz.com/category/denied-case/Firefox/index.html]
[francomunoz.com/category/denied-claim/Firefox/index.html]
[francomunoz.com/es/what-minecraft-the-movie-can-teach-us-about-building-a-strong-workers-compensation-claim/index.html]
[francomunoz.com/category/drowning-accident/Firefox/index.html]
[francomunoz.com/es/when-tragedy-strikes-on-water-the-role-of-a-drowning-accident-lawyer/index.html]
[francomunoz.com/category/fire-accident/Firefox/index.html]
[francomunoz.com/category/headaches/Firefox/index.html]
[francomunoz.com/es/the-rising-costs-of-migraine-medications-in-california-workers-compensation-what-you-need-to-know/index.html]
[francomunoz.com/category/heart-attacks/Firefox/index.html]
[francomunoz.com/category/independent-contractor/Firefox/index.html]
[francomunoz.com/es/category/contratista-independiente/index.html]
[francomunoz.com/category/injury-lawyer/Firefox/index.html]
[francomunoz.com/category/legal-strategy/Firefox/index.html]
[francomunoz.com/category/lyft-accident-lawyer/Firefox/index.html]
[francomunoz.com/es/the-essential-guide-to-choosing-the-right-lyft-accident-lawyer/index.html]
[francomunoz.com/category/medical-treatment/Firefox/index.html]
[francomunoz.com/category/million-dollar-case/Firefox/index.html]
[francomunoz.com/category/motorcycle-accident-lawyer/Firefox/index.html]
[francomunoz.com/category/neck-injury/Firefox/index.html]
[francomunoz.com/category/personal-injury-attorney/Firefox/index.html]
[francomunoz.com/category/qme/Firefox/index.html]
[francomunoz.com/category/resources-for-injured-workers/Firefox/index.html]
[francomunoz.com/es/how-to-file-a-workers-comp-claim-in-oakland-a-step-by-step-guide/index.html]
[francomunoz.com/category/serious-willful/Firefox/index.html]
[francomunoz.com/category/sports-injury/Firefox/index.html]
[francomunoz.com/category/temporary-disability/Firefox/index.html]
[francomunoz.com/es/wp-json/wp/v2/categories/763.json]
[francomunoz.com/es/category/contratista-independiente/feed/index.html]
[francomunoz.com/es/category/incapacidad-temporal/index.html]
[francomunoz.com/es/wp-json/wp/v2/categories/723.json]
[francomunoz.com/es/understanding-the-impact-of-california-minimum-wage-changes-on-temporary-disability-rates/index.html]
[francomunoz.com/category/tesla/Firefox/index.html]
[francomunoz.com/category/traumatic-brain-injury-tbi/Firefox/index.html]
[francomunoz.com/es/why-you-need-a-personal-injury-attorney-for-brain-injury-cases/index.html]
[francomunoz.com/category/truck-accident-attorney/Firefox/index.html]
[francomunoz.com/category/uncategorized/Firefox/index.html]
[francomunoz.com/es/category/incapacidad-temporal/feed/index.html]
[francomunoz.com/category/uncategorized/page/2/index.html]
[francomunoz.com/es/injured-in-a-lyft-or-uber-accident-trust-our-experienced-rideshare-accident-lawyers/index.html]
[francomunoz.com/category/violent-injuries/Firefox/index.html]
[francomunoz.com/category/whole-person-impairment-wpi/Firefox/index.html]
[francomunoz.com/category/work-injury-attorney/Firefox/index.html]
[francomunoz.com/category/work-injury-attorney/page/2/index.html]
[francomunoz.com/es/navigating-the-workers-compensation-process-a-guide-for-injured-workers/index.html]
[francomunoz.com/category/work-restrictions/Firefox/index.html]
[francomunoz.com/category/workers-comp-case/Firefox/index.html]
[francomunoz.com/category/workers-comp-case/page/2/index.html]
[francomunoz.com/es/historial-de-exitos/Firefox/index.html]
[francomunoz.com/es/index21b7.html]
[francomunoz.com/es/sobre-nosotros/Firefox/index.html]
[francomunoz.com/es/indexd2e2.html]
[francomunoz.com/es/sobre-nosotros/nuestra-mision/Firefox/index.html]
[francomunoz.com/es/index4ab5.html]
[francomunoz.com/es/wp-json/oembed/1.0/embed56e1.json]
[francomunoz.com/es/wp-json/oembed/1.0/embedad06]
[francomunoz.com/es/por-que-el-bufete-de-abogados-franco-munoz-es-el-mejor-abogado-de-compensacion-para-trabajadores-para-su-caso/index.html]
[francomunoz.com/es/sobre-nosotros/abogados/Firefox/index.html]
[francomunoz.com/es/index7d69.html]
[francomunoz.com/es/wp-json/wp/v2/posts/1241.json]
[francomunoz.com/es/wp-json/oembed/1.0/embed2599.json]
[francomunoz.com/es/wp-json/oembed/1.0/embedf84f]
[francomunoz.com/es/steve-franco/index.html]
[francomunoz.com/es/wp-json/wp/v2/pages/317.json]
[francomunoz.com/es/wp-json/oembed/1.0/embed325b.json]
[francomunoz.com/es/wp-json/oembed/1.0/embed5749]
[francomunoz.com/es/rene-munoz/index.html]
[francomunoz.com/es/wp-json/wp/v2/pages/315.json]
[francomunoz.com/es/wp-json/oembed/1.0/embed166e.json]
[francomunoz.com/es/wp-json/oembed/1.0/embed07d3]
[francomunoz.com/wp-content/uploads/siteorigin-widgets/sow-image-default-c67d20f9f743-65242a0.css]
[francomunoz.com/es/Estela-Barajas/index.html]
[francomunoz.com/es/wp-json/wp/v2/pages/652.json]
[francomunoz.com/es/wp-json/oembed/1.0/embedd9c1.json]
[francomunoz.com/es/wp-json/oembed/1.0/embedbe99]
[francomunoz.com/es/laura-stephan/index.html]
[francomunoz.com/es/wp-json/wp/v2/pages/654.json]
[francomunoz.com/es/wp-json/oembed/1.0/embed3a34.json]
[francomunoz.com/es/wp-json/oembed/1.0/embed3951]
[francomunoz.com/es/daniel-alvarez/index.html]
[francomunoz.com/es/sobre-nosotros/equipo-directivo/Firefox/index.html]
[francomunoz.com/es/index7eba.html]
[francomunoz.com/es/sobre-nosotros/carreras-profesionales/Firefox/index.html]
[francomunoz.com/es/index1ca9.html]
[francomunoz.com/es/sobre-nosotros/prensa/Firefox/index.html]
[francomunoz.com/es/index6421.html]
[francomunoz.com/es/compensacion-de-trabajadores/Firefox/index.html]
[francomunoz.com/es/indexc37e.html]
[francomunoz.com/compensacion-de-trabajadores/index.html]
[francomunoz.com/es/compensacion-de-trabajadores/trabajador-de-amazon-lesionado/Firefox/index.html]
[francomunoz.com/es/indexebe4.html]
[francomunoz.com/compensacion-de-trabajadores/trabajador-de-amazon-lesionado/index.html]
[francomunoz.com/es/wp-json/wp/v2/pages/1032.json]
[francomunoz.com/es/wp-json/oembed/1.0/embedf632.json]
[francomunoz.com/es/wp-json/oembed/1.0/embed68d2]
[francomunoz.com/es/entendiendo-el-papel-de-un-abogado-de-accidentes-de-construccion-en-la-ley-de-lesiones-personales-y-la-compensacion-de-trabajadores/index.html]
[francomunoz.com/es/compensacion-de-trabajadores/lesiones-cerebrales/Firefox/index.html]
[francomunoz.com/es/indexa165.html]
[francomunoz.com/es/wp-json/wp/v2/posts/1324.json]
[francomunoz.com/es/wp-json/oembed/1.0/embed43e4.json]
[francomunoz.com/es/wp-json/oembed/1.0/embed5ca0]
[francomunoz.com/es/tienen-los-trabajadores-de-workwhile-un-caso-valido-de-compensacion-para-trabajadores/index.html]
[francomunoz.com/es/compensacion-de-trabajadores/trabajadores-automotriz/Firefox/index.html]
[francomunoz.com/es/indexa7b7.html]
[francomunoz.com/es/compensacion-de-trabajadores/abogado-accidente-auto-trabajo-california/Firefox/index.html]
[francomunoz.com/es/indexc9d1.html]
[francomunoz.com/es/compensacion-de-trabajadores/abogado-accidente-auto-trabajo-california/IMAGE-PLACEHOLDER-2.html]
[francomunoz.com/es/compensacion-de-trabajadores/abogado-accidente-auto-trabajo-california/IMAGE-PLACEHOLDER-3.html]
[francomunoz.com/es/wp-json/wp/v2/posts/1636.json]
[francomunoz.com/es/wp-json/oembed/1.0/embeda96a.json]
[francomunoz.com/es/wp-json/oembed/1.0/embede922]
[francomunoz.com/es/comprendiendo-sus-derechos-despues-de-una-lesion-en-el-lugar-de-trabajo-una-guia-para-proteger-su-reclamacion-de-compensacion-para-trabajadores/index.html]
[francomunoz.com/es/compensacion-de-trabajadores/lesion-del-corazon/Firefox/index.html]
[francomunoz.com/es/index193e.html]
[francomunoz.com/es/compensacion-de-trabajadores/como-se-resuelve-mi-caso-de-compensacion-laboral/Firefox/index.html]
[francomunoz.com/es/index46ad.html]
[francomunoz.com/es/compensacion-de-trabajadores/accidentes-de-construccion/Firefox/index.html]
[francomunoz.com/es/index5b8d.html]
[francomunoz.com/es/wp-json/wp/v2/posts/1426.json]
[francomunoz.com/es/wp-json/oembed/1.0/embed5b64.json]
[francomunoz.com/es/wp-json/oembed/1.0/embed753d]
[francomunoz.com/es/como-determinar-el-nivel-de-discapacidad-para-una-lesion-de-espalda-en-casos-de-compensacion-laboral/index.html]
[francomunoz.com/es/como-se-resuelve-mi-caso-de-compensacion-laboral/index.html]
[francomunoz.com/es/wp-json/wp/v2/posts/1283.json]
[francomunoz.com/es/wp-json/oembed/1.0/embedcc7a.json]
[francomunoz.com/es/wp-json/oembed/1.0/embedef3f]
[francomunoz.com/es/tu-derecho-a-la-atencion-medica-por-que-un-sistema-de-seguridad-cuenta-en-la-compensacion-laboral/index.html]
[francomunoz.com/es/wp-json/wp/v2/posts/1179.json]
[francomunoz.com/es/wp-json/oembed/1.0/embedafd3.json]
[francomunoz.com/es/wp-json/oembed/1.0/embed0053]
[francomunoz.com/es/wp-json/wp/v2/posts/1189.json]
[francomunoz.com/wp-content/uploads/2024/06/paint-blog-1-1009x1024.jpg]
[francomunoz.com/es/reciente-caso-de-compensacion-laboral-muestra-la-importancia-de-una-evaluacion-precisa-de-la-discapacidad/index.html]
[francomunoz.com/es/compensacion-de-trabajadores/accidentes-de-construccion/accidentes-de-grua/Firefox/index.html]
[francomunoz.com/es/index9a49.html]
[francomunoz.com/compensacion-de-trabajadores/accidentes-de-construccion/accidentes-de-grua/index.html]
[francomunoz.com/es/compensacion-de-trabajadores/accidentes-de-construccion/accidentes-de-montacargas/Firefox/index.html]
[francomunoz.com/es/index149e.html]
[francomunoz.com/compensacion-de-trabajadores/accidentes-de-construccion/accidentes-de-montacargas/index.html]
[francomunoz.com/es/compensacion-de-trabajadores/accidentes-de-construccion/accidentes-de-soldadura/Firefox/index.html]
[francomunoz.com/es/index4fc9.html]
[francomunoz.com/compensacion-de-trabajadores/accidentes-de-construccion/accidentes-de-soldadura/index.html]
[francomunoz.com/es/compensacion-de-trabajadores/deportistas-profesionales1/Firefox/index.html]
[francomunoz.com/es/index784f.html]
[francomunoz.com/es/compensacion-de-trabajadores/tratando-con-su-lesion-laboral/Firefox/index.html]
[francomunoz.com/es/indexb357.html]
[francomunoz.com/es/firma-de-abogados-lesiones-personales-de-california/Firefox/index.html]
[francomunoz.com/es/index456c.html]
[francomunoz.com/es/abogados-de-lesiones-personales-en-california/index.html]
[francomunoz.com/es/wp-json/oembed/1.0/embedb6e5.json]
[francomunoz.com/es/wp-json/oembed/1.0/embede7f7]
[francomunoz.com/es/contacto/index.html]
[francomunoz.com/es/wp-json/wp/v2/pages/268.json]
[francomunoz.com/es/wp-json/oembed/1.0/embed388e.json]
[francomunoz.com/es/wp-json/oembed/1.0/embed4682]
[francomunoz.com/es/entendiendo-el-papel-de-un-abogado-de-lesiones-personales-y-un-abogado-de-accidentes-de-auto/index.html]
[francomunoz.com/es/firma-de-abogados-lesiones-personales-de-california/el-mejor-abogado-de-accidentes-de-auto/Firefox/index.html]
[francomunoz.com/es/index7fbc.html]
[francomunoz.com/es/firma-de-abogados-lesiones-personales-de-california/es-abogado-lesion-cerebral-traumatica-california/Firefox/index.html]
[francomunoz.com/es/index9a65.html]
[francomunoz.com/es/nuestras-ubicaciones/Firefox/index.html]
[francomunoz.com/es/indexa013.html]
[francomunoz.com/indexd0bd.html]
[francomunoz.com/index6d0d.html]
[francomunoz.com/es/san-jose-workers-compensation/Firefox/index.html]
[francomunoz.com/es/index1e14.html]
[francomunoz.com/es/recursos/Firefox/index.html]
[francomunoz.com/es/index6543.html]
[francomunoz.com/es/wp-json/wp/v2/posts/1296.json]
[francomunoz.com/es/wp-json/oembed/1.0/embedf46a.json]
[francomunoz.com/es/wp-json/oembed/1.0/embed2301]
[francomunoz.com/es/como-cerrar-su-caso-de-compensacion-laboral-en-2026-una-guia-para-tomar-la-mejor-decision/index.html]
[francomunoz.com/es/wp-json/wp/v2/posts/1640.json]
[francomunoz.com/es/wp-json/oembed/1.0/embed16c6.json]
[francomunoz.com/es/wp-json/oembed/1.0/embed5a00]
[francomunoz.com/es/cuanto-dinero-puedo-recibir-por-mi-caso-de-lesiones-personales-en-california/index.html]
[francomunoz.com/es/wp-json/wp/v2/posts/2150.json]
[francomunoz.com/es/wp-json/oembed/1.0/embed58d9.json]
[francomunoz.com/es/wp-json/oembed/1.0/embed1aab]
[francomunoz.com/es/liderando-con-vision-steve-franco-sobre-innovacion-legal-y-mentoria/index.html]
[francomunoz.com/es/wp-json/wp/v2/posts/1333.json]
[francomunoz.com/es/wp-json/oembed/1.0/embed2638.json]
[francomunoz.com/es/wp-json/oembed/1.0/embedd08f]
[francomunoz.com/es/como-probar-incapacidad-permanente-total-100-en-un-caso-de-compensacion-laboral-en-california/index.html]
[francomunoz.com/es/wp-json/wp/v2/posts/2072.json]
[francomunoz.com/es/wp-json/oembed/1.0/embed12da.json]
[francomunoz.com/es/wp-json/oembed/1.0/embed3fed]
[francomunoz.com/es/wp-json/wp/v2/posts/1436.json]
[francomunoz.com/wp-content/uploads/2026/04/explicacion-683x1024.png]
[francomunoz.com/es/navegando-el-proceso-de-compensacion-para-trabajadores-una-guia-para-trabajadores-lesionados/index.html]
[francomunoz.com/es/wp-json/oembed/1.0/embed04cd.json]
[francomunoz.com/es/wp-json/oembed/1.0/embedce4f]
[francomunoz.com/es/como-aumentar-el-valor-de-su-caso-de-lesion-de-cuello/index.html]
[francomunoz.com/es/wp-json/wp/v2/posts/1889.json]
[francomunoz.com/wp-content/webp-express/webp-images/doc-root/wp-content/uploads/2026/03/Rene.jpg.webp]
[francomunoz.com/es/wp-json/oembed/1.0/embed54b6.json]
[francomunoz.com/es/wp-json/oembed/1.0/embedcafb]
[francomunoz.com/es/acuerdo-de-800000-para-trabajador-lesionado-en-caida-mientras-instalaba-ventanas/index.html]
[francomunoz.com/es/wp-json/wp/v2/posts/1910.json]
[francomunoz.com/es/recursos/page/2/index.html]
[francomunoz.com/es/recursos/page/4/index.html]
[francomunoz.com/es/recursos/page/3/index.html]
[francomunoz.com/es/recursos/page/11/index.html]
[francomunoz.com/es/recursos/page/5/index.html]
[francomunoz.com/es/wp-json/oembed/1.0/embed99c5.json]
[francomunoz.com/es/wp-json/oembed/1.0/embeddb2a]
[francomunoz.com/es/compensacion-laboral-para-atletas-lecciones-del-super-bowl-y-el-impacto-oculto-de-las-lesiones-en-la-cabeza/index.html]
[francomunoz.com/es/wp-json/wp/v2/posts/1661.json]
[francomunoz.com/es/wp-json/oembed/1.0/embed6399.json]
[francomunoz.com/es/wp-json/oembed/1.0/embed94de]
[francomunoz.com/es/encontrar-al-mejor-abogado-para-casos-de-accidentes-de-auto/index.html]
[francomunoz.com/es/wp-json/wp/v2/posts/1320.json]
[francomunoz.com/es/wp-json/oembed/1.0/embedca60.json]
[francomunoz.com/es/wp-json/oembed/1.0/embeddcb8]
[francomunoz.com/es/comprender-las-lesiones-cerebrales-en-el-trabajo-como-puede-ayudar-un-abogado-de-lesiones-cerebrales/index.html]
[francomunoz.com/es/testimonials/john/Firefox/index.html]
[francomunoz.com/es/index2325.html]
[francomunoz.com/es/testimonials/chris/Firefox/index.html]
[francomunoz.com/es/index42a9.html]
[francomunoz.com/es/testimonials/__trashed/Firefox/index.html]
[francomunoz.com/testimonials/__trashed/index.html]
[francomunoz.com/es/index1caa.html]
[francomunoz.com/es/lo-pueden-despedir-por-presentar-un-reclamo-de-compensacion-laboral/Firefox/index.html]
[francomunoz.com/lo-pueden-despedir-por-presentar-un-reclamo-de-compensacion-laboral/index.html]
[francomunoz.com/es/index5355.html]
[francomunoz.com/es/the-initial-physical-aggressor-defense/Firefox/index.html]
[francomunoz.com/es/index5df1.html]
[francomunoz.com/es/vacaciones-compensacion-laboral-california/Firefox/index.html]
[francomunoz.com/vacaciones-compensacion-laboral-california/index.html]
[francomunoz.com/es/index1800.html]
[francomunoz.com/tbi-primer-how-do-we-evaluate-a-traumatic-brain-injury/Firefox/index.html]
[francomunoz.com/es/wp-json/wp/v2/posts/1346.json]
[francomunoz.com/es/wp-json/oembed/1.0/embedac3a.json]
[francomunoz.com/es/wp-json/oembed/1.0/embed3d6d]
[francomunoz.com/es/como-evaluamos-una-lesion-cerebral-traumatica/index.html]
[francomunoz.com/indexb47e.html]
[francomunoz.com/personal-injury/eaton-fire-attorneys/Firefox/index.html]
[francomunoz.com/index13fe.html]
[francomunoz.com/es/personal-injury/eaton-fire-attorneys/index.html]
[francomunoz.com/contact/Firefox/index.html]
[francomunoz.com/index2df4.html]
[francomunoz.com/steve-franco/Firefox/index.html]
[francomunoz.com/indexb950.html]
[francomunoz.com/es/wp-json/wp/v2/posts/451.json]
[francomunoz.com/estela-barajas/index-2.html]
[francomunoz.com/es/estela-barajas/index-2.html]
[francomunoz.com/wp-content/plugins/genesis-simple-share/assets/css/share.minc5da.css]
[francomunoz.com/wp-content/plugins/genesis-simple-share/assets/css/genericons.minc5da.css]
[francomunoz.com/wp-content/plugins/genesis-simple-share/assets/font/genericons-regular-webfont.eot]
[francomunoz.com/wp-content/themes/Franco/images/review-bg.png]
[francomunoz.com/wp-content/uploads/2026/04/right-arrow.png]
[francomunoz.com/wp-content/uploads/2026/04/down-arrow.png]
[francomunoz.com/wp-content/themes/Franco/stylec721.css]
[francomunoz.com/wp-content/plugins/ml-slider/admin/assets/dist/css/editor-blockc16b.css]
[francomunoz.com/wp-content/plugins/kk-star-ratings/src/core/public/css/kk-star-ratings.minf24c.css]
[francomunoz.com/wp-content/plugins/siteorigin-panels/css/front-flex.mine433.css]
[francomunoz.com/wp-content/uploads/siteorigin-widgets/sow-image-default-c67d20f9f743-65142a0.css]
[francomunoz.com/wp-content/plugins/widget-options/assets/css/widget-optionsd19b.css]
[francomunoz.com/wp-content/plugins/wpml-cms-nav/res/css/cms-navigation-base0322.css]
[francomunoz.com/wp-content/plugins/wpml-cms-nav/res/img/cms-nav-dark-s.gif]
[francomunoz.com/wp-content/plugins/wpml-cms-nav/res/css/cms-navigation0322.css]
[francomunoz.com/wp-content/plugins/easy-fancybox/fancybox/1.5.4/jquery.fancybox.min42a0.css]
[francomunoz.com/indexa26f.html]
[francomunoz.com/wp-content/plugins/wpforms/assets/pro/images/times-solid-white.svg]
[francomunoz.com/wp-content/plugins/wpforms/assets/pro/images/camera-video.svg]
[francomunoz.com/wp-content/plugins/wpforms/assets/pro/images/camera-rotate.svg]
[francomunoz.com/wp-content/plugins/wpforms/assets/pro/images/camera.svg]
[francomunoz.com/wp-content/plugins/wpforms/assets/pro/images/crop.svg]
[francomunoz.com/wp-content/plugins/wpforms/assets/pro/images/cancel.svg]
[francomunoz.com/wp-content/plugins/wpforms/assets/css/frontend/classic/wpforms-full.minae43.css]
[francomunoz.com/daniel-alvarez/Firefox/index.html]
[francomunoz.com/index0c04.html]
[francomunoz.com/rene-munoz/Firefox/index.html]
[francomunoz.com/index269b.html]
[francomunoz.com/laura-stephan/Firefox/index.html]
[francomunoz.com/index5d49.html]
[francomunoz.com/top-workers-compensation-lawyers-california/executive-team/cristina-bolanos/Firefox/index.html]
[francomunoz.com/indexc7a9.html]
[francomunoz.com/es/top-workers-compensation-lawyers-california/executive-team/cristina-bolanos/index.html]
[francomunoz.com/top-workers-compensation-lawyers-california/executive-team/yahaira-hernandez/Firefox/index.html]
[francomunoz.com/index24d6.html]
[francomunoz.com/es/top-workers-compensation-lawyers-california/executive-team/yahaira-hernandez/index.html]
[francomunoz.com/top-workers-compensation-lawyers-california/executive-team/fatima-lopez/Firefox/index.html]
[francomunoz.com/index1f8d.html]
[francomunoz.com/es/top-workers-compensation-lawyers-california/executive-team/fatima-lopez/index.html]
[francomunoz.com/top-workers-compensation-lawyers-california/executive-team/daniela-perez/Firefox/index.html]
[francomunoz.com/index5a4f.html]
[francomunoz.com/es/top-workers-compensation-lawyers-california/executive-team/daniela-perez/index.html]
[francomunoz.com/wp-content/plugins/wpforms/assets/pro/images/trash.svg]
[francomunoz.com/wp-json/oembed/1.0/embedf616.json]
[francomunoz.com/wp-json/oembed/1.0/embedd8a0]
[francomunoz.com/top-workers-compensation-lawyers-california/careers/attorney-entry-wc/index.html]
[francomunoz.com/es/indexc259.html]
[francomunoz.com/how-to-determine-the-level-of-disability-for-a-back-injury-in-workers-compensation-cases/Firefox/index.html]
[francomunoz.com/index3faa.html]
[francomunoz.com/why-franco-munoz-law-firm-is-the-best-workers-compensation-lawyer-for-your-case/Firefox/index.html]
[francomunoz.com/indexd2ec.html]
[francomunoz.com/understanding-the-importance-of-a-car-accident-lawyer/Firefox/index.html]
[francomunoz.com/wp-json/wp/v2/pages/813.json]
[francomunoz.com/es/wp-json/oembed/1.0/embede0e4.json]
[francomunoz.com/es/wp-json/oembed/1.0/embedfbd9]
[francomunoz.com/es/entendiendo-la-importancia-de-un-abogado-de-accidentes-de-auto/index.html]
[francomunoz.com/index4488.html]
[francomunoz.com/workers-compensation-for-athletes-lessons-from-the-super-bowl-and-the-hidden-impact-of-head-injuries/Firefox/index.html]
[francomunoz.com/indexfd09.html]
[francomunoz.com/your-right-to-medical-care-why-a-security-system-counts-in-workers-comp/Firefox/index.html]
[francomunoz.com/index3195.html]
[francomunoz.com/es/your-right-to-medical-care-why-a-security-system-counts-in-workers-comp/index.html]
[francomunoz.com/recent-workers-compensation-case-shows-importance-of-accurate-impairment-evaluation/Firefox/index.html]
[francomunoz.com/index0ae6.html]
[francomunoz.com/navigating-the-workers-compensation-process-a-guide-for-injured-workers/Firefox/index.html]
[francomunoz.com/index73f1.html]
[francomunoz.com/how-much-is-my-workers-comp-case-worth-in-california/Firefox/index.html]
[francomunoz.com/es/wp-json/wp/v2/posts/1291.json]
[francomunoz.com/es/wp-json/oembed/1.0/embeda9c4.json]
[francomunoz.com/es/wp-json/oembed/1.0/embed673b]
[francomunoz.com/es/wp-json/wp/v2/posts/1420.json]
[francomunoz.com/wp-content/uploads/2024/07/Cuanto-vale.jpg]
[francomunoz.com/es/cuanto-vale-mi-caso-de-compensacion-para-trabajadores-en-california/index.html]
[francomunoz.com/indexa90d.html]
[francomunoz.com/understanding-the-role-of-a-construction-accident-lawyer-in-personal-injury-and-workers-compensation-law/Firefox/index.html]
[francomunoz.com/indexb86d.html]
[francomunoz.com/es/understanding-the-role-of-a-construction-accident-lawyer-in-personal-injury-and-workers-compensation-law/index.html]
[francomunoz.com/es/index79ac.html]
[francomunoz.com/understanding-the-impact-of-california-minimum-wage-changes-on-temporary-disability-rates/Firefox/index.html]
[francomunoz.com/es/wp-json/oembed/1.0/embed0087.json]
[francomunoz.com/es/wp-json/oembed/1.0/embedb62b]
[francomunoz.com/es/entendiendo-el-impacto-de-los-cambios-en-el-salario-minimo-de-california-en-las-tasas-de-incapacidad-temporal/index.html]
[francomunoz.com/indexd230.html]
[francomunoz.com/how-to-find-the-right-car-accident-attorney-for-your-personal-injury-case/Firefox/index.html]
[francomunoz.com/es/wp-json/wp/v2/posts/1205.json]
[francomunoz.com/es/wp-json/oembed/1.0/embeda9d3.json]
[francomunoz.com/es/wp-json/oembed/1.0/embed721d]
[francomunoz.com/es/como-encontrar-al-abogado-adecuado-para-su-caso-de-lesiones-personales-por-accidente-de-trafico/index.html]
[francomunoz.com/index4e41.html]
[francomunoz.com/es/how-to-find-the-right-car-accident-attorney-for-your-personal-injury-case/index.html]
[francomunoz.com/es/index3d68.html]
[francomunoz.com/es/index7bbc.html]
[francomunoz.com/understanding-the-role-of-a-personal-injury-attorney-and-car-accident-attorney/Firefox/index.html]
[francomunoz.com/index4293.html]
[francomunoz.com/how-much-money-can-i-get-for-my-personal-injury-case-in-california/Firefox/index.html]
[francomunoz.com/index3095.html]
[francomunoz.com/vallejo-workers-compensation/Firefox/index.html]
[francomunoz.com/es/wp-json/wp/v2/posts/1247.json]
[francomunoz.com/es/wp-json/oembed/1.0/embedc889.json]
[francomunoz.com/es/wp-json/oembed/1.0/embed2050]
[francomunoz.com/es/vallejo-workers-compensation/index.html]
[francomunoz.com/index674c.html]
[francomunoz.com/sausalito-workers-compensation-attorneys/Firefox/index.html]
[francomunoz.com/index4377.html]
[francomunoz.com/es/sausalito-workers-compensation-attorneys/index.html]
[francomunoz.com/hayward-workers-compensation/Firefox/index.html]
[francomunoz.com/es/wp-json/wp/v2/pages/1628.json]
[francomunoz.com/es/wp-json/oembed/1.0/embede857.json]
[francomunoz.com/es/wp-json/oembed/1.0/embed0bbc]
[francomunoz.com/es/hayward-workers-compensation/index.html]
[francomunoz.com/index348c.html]
[francomunoz.com/fremont-workers-compensation/Firefox/index.html]
[francomunoz.com/indexcf6d.html]
[francomunoz.com/es/fremont-workers-compensation/index.html]
[francomunoz.com/antioch-workers-compensation/Firefox/index.html]
[francomunoz.com/index8fe5.html]
[francomunoz.com/es/antioch-workers-compensation/index.html]
[francomunoz.com/tiburon-workers-compensation-attorneys/Firefox/index.html]
[francomunoz.com/index8aa6.html]
[francomunoz.com/es/tiburon-workers-compensation-attorneys/index.html]
[francomunoz.com/san-francisco-workers-compensation-attorneys/Firefox/index.html]
[francomunoz.com/es/wp-json/wp/v2/pages/1626.json]
[francomunoz.com/es/wp-json/oembed/1.0/embedd330.json]
[francomunoz.com/es/wp-json/oembed/1.0/embed8623]
[francomunoz.com/es/san-francisco-workers-compensation/index.html]
[francomunoz.com/indexb781.html]
[francomunoz.com/san-anselmo-workers-compensation-attorneys/Firefox/index.html]
[francomunoz.com/index0b41.html]
[francomunoz.com/es/san-anselmo-workers-compensation-attorneys/index.html]
[francomunoz.com/novato-workers-compensation-attorneys/Firefox/index.html]
[francomunoz.com/index6d70.html]
[francomunoz.com/es/novato-workers-compensation-attorneys/index.html]
[francomunoz.com/larkspur-workers-compensation-attorneys/Firefox/index.html]
[francomunoz.com/index6d24.html]
[francomunoz.com/es/larkspur-workers-compensation-attorneys/index.html]
[francomunoz.com/mill-valley-workers-compensation-attorneys/Firefox/index.html]
[francomunoz.com/indexaca3.html]
[francomunoz.com/es/mill-valley-workers-compensation-attorneys/index.html]
[francomunoz.com/daly-city-workers-compensation-attorneys/Firefox/index.html]
[francomunoz.com/index55cf.html]
[francomunoz.com/es/daly-city-workers-compensation-attorneys/index.html]
[francomunoz.com/fairfax-workers-compensation-attorneys/Firefox/index.html]
[francomunoz.com/index8ddc.html]
[francomunoz.com/es/fairfax-workers-compensation-attorneys/index.html]
[francomunoz.com/corte-madera-workers-compensation-attorneys/Firefox/index.html]
[francomunoz.com/index0984.html]
[francomunoz.com/es/corte-madera-workers-compensation-attorneys/index.html]
[francomunoz.com/belvedere-workers-compensation-attorneys/Firefox/index.html]
[francomunoz.com/index9910.html]
[francomunoz.com/es/belvedere-workers-compensation-attorneys/index.html]
[francomunoz.com/es/concord-workers-compensation-attorneys/Firefox/index.html]
[francomunoz.com/es/indexba06.html]
[francomunoz.com/es/oakland-workers-compensation/Firefox/index.html]
[francomunoz.com/es/index676b.html]
[francomunoz.com/es/san-mateo-workers-compensation/Firefox/index.html]
[francomunoz.com/es/index630b.html]
[francomunoz.com/es/marin-county-workers-compensation/Firefox/index.html]
[francomunoz.com/es/indexc573.html]
[francomunoz.com/how-to-close-your-workers-compensation-case-in-2026-a-guide-to-making-the-best-choice/Firefox/index.html]
[francomunoz.com/indexe38d.html]
[francomunoz.com/questions-answers-with-steve-franco/Firefox/index.html]
[francomunoz.com/index86d6.html]
[francomunoz.com/es/questions-answers-with-steve-franco/index.html]
[francomunoz.com/how-to-prove-100-permanent-disability-in-california-workers-compensation-cases/Firefox/index.html]
[francomunoz.com/indexc257.html]
[francomunoz.com/how-to-increase-the-value-of-your-neck-injury-workers-compensation-case/Firefox/index.html]
[francomunoz.com/index281b.html]
[francomunoz.com/800000-settlement-for-worker-injured-in-devastating-fall-while-installing-windows/Firefox/index.html]
[francomunoz.com/indexbe5a.html]
[francomunoz.com/resources/page/2/Firefox/index.html]
[francomunoz.com/es/wp-json/wp/v2/pages/1625.json]
[francomunoz.com/resources/page/4/index.html]
[francomunoz.com/resources/page/3/Firefox/index.html]
[francomunoz.com/resources/page/5/index.html]
[francomunoz.com/resources/page/11/Firefox/index.html]
[francomunoz.com/resources/page/6/index.html]
[francomunoz.com/resources/page/10/index.html]
[francomunoz.com/resources/page/7/index.html]
[francomunoz.com/resources/page/9/index.html]
[francomunoz.com/resources/page/8/index.html]
[francomunoz.com/es/wp-json/oembed/1.0/embed44c1.json]
[francomunoz.com/es/wp-json/oembed/1.0/embedda1e]
[francomunoz.com/es/navegando-las-complejidades-de-las-reclamaciones-de-compensacion-laboral-consejos-de-un-abogado-de-compensacion-laboral-cerca-de-mi/index.html]
[francomunoz.com/es/category/abogado-de-compensacion-laboral/Firefox/index.html]
[francomunoz.com/como-cerrar-su-caso-de-compensacion-laboral-en-2026-una-guia-para-tomar-la-mejor-decision/index.html]
[francomunoz.com/es/wp-json/wp/v2/posts/1445.json]
[francomunoz.com/es/wp-json/oembed/1.0/embed3e33.json]
[francomunoz.com/es/wp-json/oembed/1.0/embed0d85]
[francomunoz.com/es/rene-munoz-obtiene-2-4-millones-para-un-cliente-en-un-caso-de-compensacion-laboral-tras-la-negativa-de-la-aseguradora/index.html]
[francomunoz.com/es/wp-json/wp/v2/posts/1490.json]
[francomunoz.com/es/wp-json/oembed/1.0/embed38a3.json]
[francomunoz.com/es/wp-json/oembed/1.0/embedfecc]
[francomunoz.com/es/deposicion-jurada/index.html]
[francomunoz.com/es/wp-json/wp/v2/posts/640.json]
[francomunoz.com/es/wp-json/oembed/1.0/embedaccc.json]
[francomunoz.com/es/wp-json/oembed/1.0/embed7e26]
[francomunoz.com/es/es-conveniente-para-una-compania-de-seguros-cerrar-un-caso-de-compensacion-laboral/index.html]
[francomunoz.com/es/category/abogado-de-compensacion-laboral-es/Firefox/index.html]
[francomunoz.com/es/wp-json/wp/v2/posts/1473.json]
[francomunoz.com/es/category/abogado-de-compensacion-laboral-es/page/2/index.html]
[francomunoz.com/como-probar-incapacidad-permanente-total-100-en-un-caso-de-compensacion-laboral-en-california/index.html]
[francomunoz.com/es/wp-json/oembed/1.0/embed6187.json]
[francomunoz.com/es/wp-json/oembed/1.0/embed4e20]
[francomunoz.com/es/derechos-laborales-en-california-por-que-necesita-abogados-laborales/index.html]
[francomunoz.com/es/wp-json/wp/v2/posts/1360.json]
[francomunoz.com/es/wp-json/oembed/1.0/embedf28f.json]
[francomunoz.com/es/wp-json/oembed/1.0/embedb15b]
[francomunoz.com/es/las-5-razones-principales-para-necesitar-un-abogado-de-compensacion-laboral/index.html]
[francomunoz.com/es/wp-json/wp/v2/posts/1479.json]
[francomunoz.com/es/wp-json/oembed/1.0/embed0764.json]
[francomunoz.com/es/wp-json/oembed/1.0/embed6951]
[francomunoz.com/es/como-funciona-la-compensacion-laboral-una-guia-completa/index.html]
[francomunoz.com/es/wp-json/wp/v2/posts/1448.json]
[francomunoz.com/es/wp-json/oembed/1.0/embedfceb.json]
[francomunoz.com/es/wp-json/oembed/1.0/embed7b36]
[francomunoz.com/es/como-apelar-una-reclamacion-de-compensacion-para-trabajadores-denegada/index.html]
[francomunoz.com/es/wp-json/wp/v2/posts/1432.json]
[francomunoz.com/es/wp-json/oembed/1.0/embed3668.json]
[francomunoz.com/es/wp-json/oembed/1.0/embedcca6]
[francomunoz.com/es/los-5-errores-principales-que-cometen-los-abogados-de-compensacion-para-trabajadores-y-como-evitarlos/index.html]
[francomunoz.com/es/wp-json/wp/v2/posts/1405.json]
[francomunoz.com/es/wp-json/oembed/1.0/embed09c0.json]
[francomunoz.com/es/wp-json/oembed/1.0/embeda8c0]
[francomunoz.com/es/las-lesiones-laborales-mas-comunes-en-el-area-de-la-bahia/index.html]
[francomunoz.com/es/wp-json/wp/v2/posts/1766.json]
[francomunoz.com/es/category/abogado-de-compensacion-laboral-es/page/3/index.html]
[francomunoz.com/es/2026/07/Firefox/index.html]
[francomunoz.com/es/2026/06/Firefox/index.html]
[francomunoz.com/es/2026/05/Firefox/index.html]
[francomunoz.com/cuanto-dinero-puedo-recibir-por-mi-caso-de-lesiones-personales-en-california/index.html]
[francomunoz.com/es/2026/04/Firefox/index.html]
[francomunoz.com/es/2026/03/Firefox/index.html]
[francomunoz.com/como-aumentar-el-valor-de-su-caso-de-lesion-de-cuello/index.html]
[francomunoz.com/es/wp-json/oembed/1.0/embedf596.json]
[francomunoz.com/es/wp-json/oembed/1.0/embed0b4d]
[francomunoz.com/es/wp-json/wp/v2/posts/1379.json]
[francomunoz.com/wp-content/uploads/2026/01/Cuanto-vale.jpg]
[francomunoz.com/es/dos-maneras-de-resolver-su-caso-de-compensacion-para-trabajadores/index.html]
[francomunoz.com/es/2026/02/Firefox/index.html]
[francomunoz.com/como-aumentar-el-valor-de-su-caso-por-lesion-de-espalda/index.html]
[francomunoz.com/es/wp-json/oembed/1.0/embedbde1.json]
[francomunoz.com/es/wp-json/oembed/1.0/embed8342]
[francomunoz.com/es/como-aumentar-el-valor-de-su-caso-por-lesion-de-espalda/index.html]
[francomunoz.com/es/wp-json/wp/v2/posts/1874.json]
[francomunoz.com/es/wp-json/oembed/1.0/embed8e06.json]
[francomunoz.com/es/wp-json/oembed/1.0/embed5cb2]
[francomunoz.com/es/los-10-trabajos-mas-peligrosos-en-los-estados-unidos/index.html]
[francomunoz.com/es/2026/01/Firefox/index.html]
[francomunoz.com/cuanto-vale-mi-caso-de-compensacion-laboral/index.html]
[francomunoz.com/es/wp-json/wp/v2/posts/1374.json]
[francomunoz.com/es/wp-json/oembed/1.0/embed8e66.json]
[francomunoz.com/es/wp-json/oembed/1.0/embed23a5]
[francomunoz.com/es/wp-json/wp/v2/posts/1862.json]
[francomunoz.com/wp-content/uploads/2027/01/Lawyer-meeting-with-family.jpg]
[francomunoz.com/es/cuanto-vale-mi-caso-de-compensacion-laboral/index.html]
[francomunoz.com/es/wp-json/oembed/1.0/embed8173.json]
[francomunoz.com/es/wp-json/oembed/1.0/embed21a9]
[francomunoz.com/es/wp-json/wp/v2/posts/1368.json]
[francomunoz.com/wp-content/uploads/2026/01/brain-injury-lawyer.jpg]
[francomunoz.com/es/elegir-al-abogado-adecuado-para-lesiones-cerebrales-por-que-la-experiencia-importa/index.html]
[francomunoz.com/es/2025/12/Firefox/index.html]
[francomunoz.com/como-cerrar-su-caso-de-compensacion-laboral-mientras-finaliza-el-2025-planificacion-para-el-2026/index.html]
[francomunoz.com/es/wp-json/oembed/1.0/embedef1c.json]
[francomunoz.com/es/wp-json/oembed/1.0/embedf3cd]
[francomunoz.com/es/wp-json/wp/v2/posts/1653.json]
[francomunoz.com/wp-content/uploads/2025/01/2025-table-advice.jpg]
[francomunoz.com/es/como-cerrar-su-caso-de-compensacion-laboral-mientras-finaliza-el-2025-planificacion-para-el-2026/index.html]
[francomunoz.com/es/2025/11/Firefox/index.html]
[francomunoz.com/los-peligros-en-la-planta-de-fremont-de-tesla-una-llamada-a-la-seguridad-laboral/index.html]
[francomunoz.com/es/wp-json/oembed/1.0/embed1bfa.json]
[francomunoz.com/es/wp-json/oembed/1.0/embed6956]
[francomunoz.com/es/wp-json/wp/v2/posts/1359.json]
[francomunoz.com/wp-content/uploads/2024/06/tesla.jpg]
[francomunoz.com/es/los-peligros-en-la-planta-de-fremont-de-tesla-una-llamada-a-la-seguridad-laboral/index.html]
[francomunoz.com/es/wp-json/oembed/1.0/embed7ef6.json]
[francomunoz.com/es/wp-json/oembed/1.0/embed17f3]
[francomunoz.com/es/necesita-un-abogado-de-compensacion-laboral-entienda-sus-derechos-y-como-podemos-ayudar/index.html]
[francomunoz.com/es/2025/10/Firefox/index.html]
[francomunoz.com/por-que-necesita-abogados-expertos-en-accidentes-de-camiones-para-su-caso/index.html]
[francomunoz.com/es/wp-json/wp/v2/posts/1355.json]
[francomunoz.com/es/wp-json/oembed/1.0/embed63ec.json]
[francomunoz.com/es/wp-json/oembed/1.0/embed5120]
[francomunoz.com/es/por-que-necesita-abogados-expertos-en-accidentes-de-camiones-para-su-caso/index.html]
[francomunoz.com/es/wp-json/wp/v2/posts/1264.json]
[francomunoz.com/es/wp-json/oembed/1.0/embedaba9.json]
[francomunoz.com/es/wp-json/oembed/1.0/embed8b6f]
[francomunoz.com/es/cuando-la-tragedia-golpea-en-el-agua-el-papel-de-un-abogado-de-accidentes-por-ahogamiento/index.html]
[francomunoz.com/es/2025/09/Firefox/index.html]
[francomunoz.com/las-5-razones-principales-para-necesitar-un-abogado-de-compensacion-laboral/index.html]
[francomunoz.com/es/2025/08/Firefox/index.html]
[francomunoz.com/navegando-las-complejidades-de-las-reclamaciones-de-compensacion-laboral-consejos-de-un-abogado-de-compensacion-laboral-cerca-de-mi/index.html]
[francomunoz.com/es/wp-json/wp/v2/posts/1350.json]
[francomunoz.com/es/wp-json/oembed/1.0/embed4023.json]
[francomunoz.com/es/wp-json/oembed/1.0/embed2aca]
[francomunoz.com/es/lesionado-en-un-accidente-de-lyft-o-uber-confie-en-nuestros-experimentados-abogados-de-accidentes-de-rideshare/index.html]
[francomunoz.com/es/2025/07/Firefox/index.html]
[francomunoz.com/como-apelar-una-reclamacion-de-compensacion-para-trabajadores-denegada/index.html]
[francomunoz.com/es/2025/06/Firefox/index.html]
[francomunoz.com/comprendiendo-sus-derechos-despues-de-una-lesion-en-el-lugar-de-trabajo-una-guia-para-proteger-su-reclamacion-de-compensacion-para-trabajadores/index.html]
[francomunoz.com/es/wp-json/wp/v2/posts/1339.json]
[francomunoz.com/es/wp-json/oembed/1.0/embed183a.json]
[francomunoz.com/es/wp-json/oembed/1.0/embed8dab]
[francomunoz.com/es/encontrar-al-mejor-abogado-de-accidentes-de-auto-cerca-de-mi-en-el-area-de-la-bahia/index.html]
[francomunoz.com/es/2025/05/Firefox/index.html]
[francomunoz.com/los-5-errores-principales-que-cometen-los-abogados-de-compensacion-para-trabajadores-y-como-evitarlos/index.html]
[francomunoz.com/es/wp-json/wp/v2/posts/1309.json]
[francomunoz.com/es/wp-json/oembed/1.0/embed65d3.json]
[francomunoz.com/es/wp-json/oembed/1.0/embeda1f0]
[francomunoz.com/es/el-dia-de-las-madres-y-el-trauma-acumulativo-destacando-las-contribuciones-y-desafios-de-las-mujeres-en-el-lugar-de-trabajo/index.html]
[francomunoz.com/es/2025/04/Firefox/index.html]
[francomunoz.com/incendios-y-explosiones-en-el-lugar-de-trabajo-protegiendo-a-los-trabajadores-en-entornos-peligrosos/index.html]
[francomunoz.com/es/wp-json/wp/v2/posts/1679.json]
[francomunoz.com/es/wp-json/oembed/1.0/embed4079.json]
[francomunoz.com/es/wp-json/oembed/1.0/embed568e]
[francomunoz.com/es/wp-json/wp/v2/posts/1730.json]
[francomunoz.com/wp-content/uploads/2025/02/Martinez-fire.jpg]
[francomunoz.com/es/incendios-y-explosiones-en-el-lugar-de-trabajo-protegiendo-a-los-trabajadores-en-entornos-peligrosos/index.html]
[francomunoz.com/es/wp-json/oembed/1.0/embed3c36.json]
[francomunoz.com/es/wp-json/oembed/1.0/embede065]
[francomunoz.com/es/lo-que-minecraft-la-pelicula-nos-ensena-sobre-construir-un-reclamo-fuerte-de-compensacion-laboral/index.html]
[francomunoz.com/es/2025/03/Firefox/index.html]
[francomunoz.com/las-lesiones-laborales-mas-comunes-en-el-area-de-la-bahia/index.html]
[francomunoz.com/es/wp-json/wp/v2/posts/1675.json]
[francomunoz.com/es/wp-json/oembed/1.0/embeda572.json]
[francomunoz.com/es/wp-json/oembed/1.0/embede47e]
[francomunoz.com/es/reclamo-de-compensacion-laboral-denegado-en-san-francisco-que-hacer/index.html]
[francomunoz.com/es/wp-json/wp/v2/posts/1762.json]
[francomunoz.com/es/wp-json/oembed/1.0/embedf121.json]
[francomunoz.com/es/wp-json/oembed/1.0/embed62c9]
[francomunoz.com/es/beneficios-de-compensacion-laboral-en-el-area-de-la-bahia-reclame-ahora/index.html]
[francomunoz.com/es/wp-json/wp/v2/posts/1757.json]
[francomunoz.com/es/wp-json/oembed/1.0/embeda26d.json]
[francomunoz.com/es/wp-json/oembed/1.0/embedf763]
[francomunoz.com/es/como-presentar-un-reclamo-de-compensacion-para-trabajadores-en-oakland/index.html]
[francomunoz.com/es/wp-json/wp/v2/posts/1752.json]
[francomunoz.com/es/wp-json/oembed/1.0/embedbdc3.json]
[francomunoz.com/es/wp-json/oembed/1.0/embed78d0]
[francomunoz.com/es/eclipses-y-anillos-invisibles-lo-que-el-cosmos-nos-ensena-sobre-la-compensacion-laboral/index.html]
[francomunoz.com/es/wp-json/wp/v2/posts/1670.json]
[francomunoz.com/es/wp-json/oembed/1.0/embed751c.json]
[francomunoz.com/es/wp-json/oembed/1.0/embed7bc6]
[francomunoz.com/es/luchando-por-una-compensacion-justa-lo-que-ufc-fight-night-253-nos-ensena-sobre-la-compensacion-laboral-por-multiples-lesiones/index.html]
[francomunoz.com/es/2025/02/Firefox/index.html]
[francomunoz.com/compensacion-laboral-para-atletas-lecciones-del-super-bowl-y-el-impacto-oculto-de-las-lesiones-en-la-cabeza/index.html]
[francomunoz.com/es/wp-json/wp/v2/posts/1665.json]
[francomunoz.com/es/wp-json/oembed/1.0/embed17b9.json]
[francomunoz.com/es/wp-json/oembed/1.0/embed58af]
[francomunoz.com/es/navegando-reclamos-de-compensacion-laboral-por-lesiones-psicologicas-comprendiendo-los-reclamos-por-dano-psicologico/index.html]
[francomunoz.com/es/2025/01/Firefox/index.html]
[francomunoz.com/como-cerrar-su-caso-de-compensacion-laboral-en-2024-lo-que-necesita-saber-en-un-mundo-cambiante/index.html]
[francomunoz.com/es/wp-json/wp/v2/posts/1657.json]
[francomunoz.com/es/wp-json/oembed/1.0/embed57fa.json]
[francomunoz.com/es/wp-json/oembed/1.0/embedf9d4]
[francomunoz.com/es/como-cerrar-su-caso-de-compensacion-laboral-en-2024-lo-que-necesita-saber-en-un-mundo-cambiante/index.html]
[francomunoz.com/es/wp-json/wp/v2/posts/1649.json]
[francomunoz.com/es/wp-json/oembed/1.0/embed5a59.json]
[francomunoz.com/es/wp-json/oembed/1.0/embed5a32]
[francomunoz.com/es/6-consejos-cruciales-para-las-victimas-de-los-incendios-en-los-angeles-pacific-palisades-pasadena-y-altadena/index.html]
[francomunoz.com/es/wp-json/wp/v2/posts/1696.json]
[francomunoz.com/es/wp-json/oembed/1.0/embed69b8.json]
[francomunoz.com/es/wp-json/oembed/1.0/embedeef8]
[francomunoz.com/es/protegiendo-a-los-trabajadores-lecciones-de-las-citaciones-de-cal-osha-contra-safeway/index.html]
[francomunoz.com/es/wp-json/wp/v2/posts/1688.json]
[francomunoz.com/es/wp-json/oembed/1.0/embedab26.json]
[francomunoz.com/es/wp-json/oembed/1.0/embeda6aa]
[francomunoz.com/es/entendiendo-los-plazos-en-la-compensacion-de-trabajadores/index.html]
[francomunoz.com/es/2024/12/Firefox/index.html]
[francomunoz.com/tienen-los-trabajadores-de-workwhile-un-caso-valido-de-compensacion-para-trabajadores/index.html]
[francomunoz.com/es/wp-json/wp/v2/posts/1197.json]
[francomunoz.com/es/wp-json/oembed/1.0/embed1157.json]
[francomunoz.com/es/wp-json/oembed/1.0/embed7d6c]
[francomunoz.com/es/por-que-necesita-un-abogado-de-accidentes-de-camiones-de-18-ruedas-para-su-caso/index.html]
[francomunoz.com/es/wp-json/wp/v2/posts/1274.json]
[francomunoz.com/es/wp-json/oembed/1.0/embed7a16.json]
[francomunoz.com/es/wp-json/oembed/1.0/embedf784]
[francomunoz.com/es/entendiendo-la-responsabilidad-por-lesiones-de-trauma-acumulativo-lo-que-los-trabajadores-deben-saber/index.html]
[francomunoz.com/es/2024/11/Firefox/index.html]
[francomunoz.com/por-que-necesita-un-abogado-de-accidentes-de-construccion-en-california-para-su-caso/index.html]
[francomunoz.com/es/wp-json/wp/v2/posts/1228.json]
[francomunoz.com/es/wp-json/oembed/1.0/embed5376.json]
[francomunoz.com/es/wp-json/oembed/1.0/embed5077]
[francomunoz.com/es/por-que-necesita-un-abogado-de-accidentes-de-construccion-en-california-para-su-caso/index.html]
[francomunoz.com/es/wp-json/wp/v2/posts/1270.json]
[francomunoz.com/es/wp-json/oembed/1.0/embedf1ea.json]
[francomunoz.com/es/wp-json/oembed/1.0/embeded7f]
[francomunoz.com/es/por-que-necesitas-un-abogado-de-compensacion-laboral-en-el-area-de-la-bahia/index.html]
[francomunoz.com/es/wp-json/wp/v2/posts/1328.json]
[francomunoz.com/es/wp-json/oembed/1.0/embedc0d4.json]
[francomunoz.com/es/wp-json/oembed/1.0/embed0519]
[francomunoz.com/es/la-wcab-extiende-el-tiempo-para-usar-el-vale-debido-al-covid-19-lo-que-necesita-saber/index.html]
[francomunoz.com/es/2024/10/Firefox/index.html]
[francomunoz.com/las-tasas-de-compensacion-laboral-en-california-disminuyen-que-significa-esto-para-los-trabajadores-lesionados/index.html]
[francomunoz.com/es/wp-json/wp/v2/posts/1223.json]
[francomunoz.com/es/wp-json/oembed/1.0/embedf105.json]
[francomunoz.com/es/wp-json/oembed/1.0/embed2885]
[francomunoz.com/es/las-tasas-de-compensacion-laboral-en-california-disminuyen-que-significa-esto-para-los-trabajadores-lesionados/index.html]
[francomunoz.com/es/wp-json/wp/v2/posts/1494.json]
[francomunoz.com/es/wp-json/oembed/1.0/embeda864.json]
[francomunoz.com/es/wp-json/oembed/1.0/embed9899]
[francomunoz.com/es/el-aumento-de-los-costos-de-los-medicamentos-para-la-migrana-en-la-compensacion-laboral-de-california-lo-que-necesitas-saber/index.html]
[francomunoz.com/es/wp-json/wp/v2/posts/1486.json]
[francomunoz.com/es/wp-json/oembed/1.0/embeddefe.json]
[francomunoz.com/es/wp-json/oembed/1.0/embedd8e1]
[francomunoz.com/es/que-es-la-regla-de-la-linea-de-premisas-en-la-compensacion-de-trabajadores/index.html]
[francomunoz.com/es/2024/09/Firefox/index.html]
[francomunoz.com/las-5-mejores-cosas-que-su-abogado-puede-hacer-para-aumentar-el-valor-de-su-caso-de-compensacion-laboral/index.html]
[francomunoz.com/es/wp-json/wp/v2/posts/1218.json]
[francomunoz.com/es/wp-json/oembed/1.0/embedd227.json]
[francomunoz.com/es/wp-json/oembed/1.0/embed8d98]
[francomunoz.com/es/las-5-mejores-cosas-que-su-abogado-puede-hacer-para-aumentar-el-valor-de-su-caso-de-compensacion-laboral/index.html]
[francomunoz.com/es/wp-json/wp/v2/posts/1453.json]
[francomunoz.com/es/wp-json/oembed/1.0/embedb701.json]
[francomunoz.com/es/wp-json/oembed/1.0/embed4487]
[francomunoz.com/es/cambio-de-medico-tratante-despues-del-alta-medica/index.html]
[francomunoz.com/es/wp-json/wp/v2/posts/1210.json]
[francomunoz.com/es/wp-json/oembed/1.0/embed8cfe.json]
[francomunoz.com/es/wp-json/oembed/1.0/embed7fa7]
[francomunoz.com/es/encontrar-al-mejor-abogado-de-accidentes-de-motocicleta-para-su-caso/index.html]
[francomunoz.com/es/wp-json/wp/v2/posts/1259.json]
[francomunoz.com/es/wp-json/oembed/1.0/embed11ec.json]
[francomunoz.com/es/wp-json/oembed/1.0/embeddeb4]
[francomunoz.com/es/por-que-necesitas-un-abogado-de-accidentes-de-auto-en-el-area-de-la-bahia/index.html]
[francomunoz.com/es/wp-json/wp/v2/posts/1315.json]
[francomunoz.com/es/wp-json/oembed/1.0/embedfc53.json]
[francomunoz.com/es/wp-json/oembed/1.0/embedd2d7]
[francomunoz.com/es/entendiendo-la-regla-de-remedio-exclusivo-y-las-reclamaciones-contra-companeros-de-trabajo/index.html]
[francomunoz.com/es/2024/08/Firefox/index.html]
[francomunoz.com/7-consejos-esenciales-para-tener-exito-en-su-caso-de-compensacion-laboral/index.html]
[francomunoz.com/es/wp-json/wp/v2/posts/1214.json]
[francomunoz.com/es/wp-json/oembed/1.0/embed2858.json]
[francomunoz.com/es/wp-json/oembed/1.0/embede6f5]
[francomunoz.com/es/7-consejos-esenciales-para-tener-exito-en-su-caso-de-compensacion-laboral/index.html]
[francomunoz.com/es/wp-json/wp/v2/posts/1468.json]
[francomunoz.com/es/wp-json/oembed/1.0/embedbfcb.json]
[francomunoz.com/es/wp-json/oembed/1.0/embedbfd0]
[francomunoz.com/es/los-5-errores-principales-que-cometen-los-abogados-de-compensacion-laboral-y-como-evitarlos/index.html]
[francomunoz.com/es/wp-json/wp/v2/posts/1450.json]
[francomunoz.com/es/wp-json/oembed/1.0/embed7bda.json]
[francomunoz.com/es/wp-json/oembed/1.0/embed1810]
[francomunoz.com/es/por-que-necesita-un-abogado-de-lesiones-personales-para-casos-de-lesiones-cerebrales/index.html]
[francomunoz.com/es/wp-json/wp/v2/posts/1253.json]
[francomunoz.com/es/wp-json/oembed/1.0/embed9385.json]
[francomunoz.com/es/wp-json/oembed/1.0/embedbeff]
[francomunoz.com/es/comprendiendo-el-papel-de-un-medico-estatal-qme-y-su-importancia-en-tu-caso-de-compensacion-laboral/index.html]
[francomunoz.com/es/wp-json/wp/v2/posts/1465.json]
[francomunoz.com/es/wp-json/oembed/1.0/embedebcd.json]
[francomunoz.com/es/wp-json/oembed/1.0/embed4fdf]
[francomunoz.com/es/la-guia-esencial-para-elegir-al-abogado-adecuado-para-accidentes-de-lyft/index.html]
[francomunoz.com/es/2024/07/Firefox/index.html]
[francomunoz.com/abogado-de-accidentes-de-trabajo-como-elegir-el-mejor-y-aumentar-el-valor-de-su-caso/index.html]
[francomunoz.com/es/wp-json/wp/v2/posts/1461.json]
[francomunoz.com/es/wp-json/oembed/1.0/embedc26d.json]
[francomunoz.com/es/wp-json/oembed/1.0/embedf78c]
[francomunoz.com/es/abogado-de-accidentes-de-trabajo-como-elegir-el-mejor-y-aumentar-el-valor-de-su-caso/index.html]
[francomunoz.com/es/wp-json/wp/v2/posts/1454.json]
[francomunoz.com/es/wp-json/oembed/1.0/embedc895.json]
[francomunoz.com/es/wp-json/oembed/1.0/embedbb2f]
[francomunoz.com/es/encontrar-al-abogado-de-compensacion-laboral-adecuado-cerca-de-mi-una-guia-completa/index.html]
[francomunoz.com/es/wp-json/wp/v2/posts/1442.json]
[francomunoz.com/es/wp-json/oembed/1.0/embeddfb4.json]
[francomunoz.com/es/wp-json/oembed/1.0/embed84f3]
[francomunoz.com/es/wp-json/wp/v2/posts/1414.json]
[francomunoz.com/wp-content/uploads/2024/07/Como-cerrar-1.jpg]
[francomunoz.com/es/como-cerrar-su-caso-de-compensacion-para-trabajadores/index.html]
[francomunoz.com/es/wp-json/oembed/1.0/embed8975.json]
[francomunoz.com/es/wp-json/oembed/1.0/embedc90e]
[francomunoz.com/es/las-10-cosas-principales-que-debes-buscar-en-un-abogado-de-compensacion-para-trabajadores-antes-de-contratar/index.html]
[francomunoz.com/es/2024/06/Firefox/index.html]
[francomunoz.com/como-determinar-el-nivel-de-discapacidad-para-una-lesion-de-espalda-en-casos-de-compensacion-laboral/index.html]
[francomunoz.com/es/wp-json/wp/v2/posts/1410.json]
[francomunoz.com/es/wp-json/oembed/1.0/embeda70a.json]
[francomunoz.com/es/wp-json/oembed/1.0/embed2e27]
[francomunoz.com/es/understanding-workers-compensation-benefits-in-assault-cases-the-maravilla-case/index.html]
[francomunoz.com/es/2023/12/Firefox/index.html]
[francomunoz.com/steve-franco-gana-una-recompensa-de-1000000-para-el-trabajador-de-techos-lesionado/index.html]
[francomunoz.com/es/wp-json/wp/v2/posts/1175.json]
[francomunoz.com/es/wp-json/oembed/1.0/embed1ad0.json]
[francomunoz.com/es/wp-json/oembed/1.0/embedd7b5]
[francomunoz.com/es/steve-franco-gana-una-recompensa-de-1000000-para-el-trabajador-de-techos-lesionado/index.html]
[francomunoz.com/es/2023/09/Firefox/index.html]
[francomunoz.com/la-prestigiosa-lista-inc-5000-ha-reconocido-al-/index.html]
[francomunoz.com/es/wp-json/wp/v2/posts/850.json]
[francomunoz.com/wp-content/uploads/2023/09/inc50002023_main_533193.gif]
[francomunoz.com/es/wp-json/oembed/1.0/embeda1af.json]
[francomunoz.com/es/wp-json/oembed/1.0/embed3614]
[francomunoz.com/es/la-prestigiosa-lista-inc-5000-ha-reconocido-al-/index.html]
[francomunoz.com/es/2023/07/Firefox/index.html]
[francomunoz.com/celebrando-una-victoria-historica-en-el-tribunal-la-justicia-prevalece-para-franco-munoz/index.html]
[francomunoz.com/es/wp-json/wp/v2/posts/846.json]
[francomunoz.com/es/wp-json/oembed/1.0/embed6993.json]
[francomunoz.com/es/wp-json/oembed/1.0/embed4924]
[francomunoz.com/es/celebrando-una-victoria-historica-en-el-tribunal-la-justicia-prevalece-para-franco-munoz/index.html]
[francomunoz.com/es/2022/12/Firefox/index.html]
[francomunoz.com/rene-munoz-gana-1-85-millones-para-trabajador-lesionado-de-tesla-automobile/index.html]
[francomunoz.com/es/wp-json/wp/v2/posts/822.json]
[francomunoz.com/wp-content/webp-express/webp-images/doc-root/wp-content/uploads/2017/09/Rene-Munoz-pics.jpg.webp]
[francomunoz.com/es/wp-json/oembed/1.0/embed30c9.json]
[francomunoz.com/es/wp-json/oembed/1.0/embedbe61]
[francomunoz.com/es/rene-munoz-gana-1-85-millones-para-trabajador-lesionado-de-tesla-automobile/index.html]
[francomunoz.com/es/2022/08/Firefox/index.html]
[francomunoz.com/cuanto-vale-mi-caso-de-compensacion-para-trabajadores/index.html]
[francomunoz.com/es/wp-json/wp/v2/posts/679.json]
[francomunoz.com/es/wp-json/oembed/1.0/embedb17a.json]
[francomunoz.com/es/wp-json/oembed/1.0/embedfb44]
[francomunoz.com/es/wp-json/wp/v2/posts/672.json]
[francomunoz.com/wp-content/uploads/2022/08/patient-medical-history.png]
[francomunoz.com/es/cuanto-vale-mi-caso-de-compensacion-para-trabajadores/index.html]
[francomunoz.com/es/2022/05/Firefox/index.html]
[francomunoz.com/deposicion-jurada/index.html]
[francomunoz.com/es/2021/02/Firefox/index.html]
[francomunoz.com/5-razones-por-las-que-necesita-un-abogado-de-compensacion-laboral-en-california/index.html]
[francomunoz.com/wp-content/webp-express/webp-images/doc-root/wp-content/uploads/2020/06/heart-attack.jpg.webp]
[francomunoz.com/es/wp-json/oembed/1.0/embed897c.json]
[francomunoz.com/es/wp-json/oembed/1.0/embed3287]
[francomunoz.com/es/5-razones-por-las-que-necesita-un-abogado-de-compensacion-laboral-en-california/index.html]
[francomunoz.com/es/wp-json/wp/v2/posts/596.json]
[francomunoz.com/es/tag/beneficios-de-compensacion-de-trabajadores/index.html]
[francomunoz.com/es/wp-json/wp/v2/tags/708.json]
[francomunoz.com/es/tag/beneficios-de-compensacion-de-trabajadores/feed/index.html]
[francomunoz.com/es/tag/consulta-gratis/index.html]
[francomunoz.com/es/wp-json/wp/v2/tags/706.json]
[francomunoz.com/es/tag/consulta-gratis/feed/index.html]
[francomunoz.com/es/tag/razones-por-las-que-necesita-un-abogado-de-compensacion-laboral/index.html]
[francomunoz.com/es/wp-json/wp/v2/tags/707.json]
[francomunoz.com/es/tag/razones-por-las-que-necesita-un-abogado-de-compensacion-laboral/feed/index.html]
[francomunoz.com/es/tag/reclamo-denegado/index.html]
[francomunoz.com/es/2020/11/Firefox/index.html]
[francomunoz.com/la-compania-de-seguros-nego-su-reclamo-de-compensacion-para-trabajadores/index.html]
[francomunoz.com/es/wp-json/wp/v2/tags/705.json]
[francomunoz.com/es/tag/reclamo-denegado/feed/index.html]
[francomunoz.com/es/wp-json/oembed/1.0/embed1fa2.json]
[francomunoz.com/es/wp-json/oembed/1.0/embed4cfd]
[francomunoz.com/es/la-compania-de-seguros-nego-su-reclamo-de-compensacion-para-trabajadores/index.html]
[francomunoz.com/es/2020/04/Firefox/index.html]
[francomunoz.com/principales-recursos-financieros-para-los-californianos-afectados-por-el-virus-covid-19/index.html]
[francomunoz.com/es/wp-json/wp/v2/posts/587.json]
[francomunoz.com/es/wp-json/oembed/1.0/embed1209.json]
[francomunoz.com/es/wp-json/oembed/1.0/embed8dc8]
[francomunoz.com/es/principales-recursos-financieros-para-los-californianos-afectados-por-el-virus-covid-19/index.html]
[francomunoz.com/es/wp-json/wp/v2/posts/476.json]
[francomunoz.com/es/tag/abogado-de-workers-comp/index.html]
[francomunoz.com/es/wp-json/wp/v2/tags/297.json]
[francomunoz.com/es/tag/abogado-de-workers-comp/feed/index.html]
[francomunoz.com/es/tag/corona-virus/index.html]
[francomunoz.com/es/wp-json/wp/v2/tags/571.json]
[francomunoz.com/es/tag/corona-virus/feed/index.html]
[francomunoz.com/es/tag/recursos-financieros/index.html]
[francomunoz.com/es/wp-json/wp/v2/tags/570.json]
[francomunoz.com/es/tag/recursos-financieros/feed/index.html]
[francomunoz.com/es/tag/recursos-para-trabajadores/index.html]
[francomunoz.com/es/2020/03/Firefox/index.html]
[francomunoz.com/estoy-herido-y-no-estoy-de-acuerdo-con-las-restricciones-laborales-del-medico-cuales-son-mis-opciones/index.html]
[francomunoz.com/es/wp-json/wp/v2/tags/572.json]
[francomunoz.com/es/tag/recursos-para-trabajadores/feed/index.html]
[www.employmentlawinsights.com/wp-content/uploads/sites/5/2016/04/Light-Duty-Job-445x666.725.delayed]
[francomunoz.com/es/wp-json/oembed/1.0/embed891c.json]
[francomunoz.com/es/wp-json/oembed/1.0/embed6fca]
[francomunoz.com/es/estoy-herido-y-no-estoy-de-acuerdo-con-las-restricciones-laborales-del-medico-cuales-son-mis-opciones/index.html]
[francomunoz.com/es/wp-json/wp/v2/posts/472.json]
[francomunoz.com/es/tag/restricciones-del-doctor/index.html]
[francomunoz.com/es/wp-json/wp/v2/tags/483.json]
[francomunoz.com/es/tag/restricciones-del-doctor/feed/index.html]
[francomunoz.com/es/tag/restricciones-laborales/index.html]
[francomunoz.com/es/wp-json/wp/v2/tags/482.json]
[francomunoz.com/es/tag/restricciones-laborales/feed/index.html]
[francomunoz.com/es/tag/trabajo-modificado/index.html]
[francomunoz.com/es/2020/02/Firefox/index.html]
[francomunoz.com/nuestro-cliente-gana-demanda-de-16-millones-por-accidente-laboral/index.html]
[francomunoz.com/es/wp-json/wp/v2/tags/484.json]
[francomunoz.com/es/tag/trabajo-modificado/feed/index.html]
[francomunoz.com/es/wp-json/oembed/1.0/embed65d2.json]
[francomunoz.com/es/wp-json/oembed/1.0/embed79d2]
[francomunoz.com/es/nuestro-cliente-gana-demanda-de-16-millones-por-accidente-laboral/index.html]
[francomunoz.com/es/wp-json/wp/v2/posts/467.json]
[francomunoz.com/es/tag/cliente-gana-millones/index.html]
[francomunoz.com/es/wp-json/wp/v2/tags/356.json]
[francomunoz.com/es/tag/cliente-gana-millones/feed/index.html]
[francomunoz.com/es/tag/lesiones-del-cerebro/index.html]
[francomunoz.com/es/2019/10/Firefox/index.html]
[francomunoz.com/tengo-el-tunel-carpiano-en-mis-manos-es-una-lesion-de-compensacion-laboral/index.html]
[francomunoz.com/es/wp-json/wp/v2/tags/357.json]
[francomunoz.com/es/tag/lesiones-del-cerebro/feed/index.html]
[francomunoz.com/es/wp-json/oembed/1.0/embed6449.json]
[francomunoz.com/es/wp-json/oembed/1.0/embed8016]
[francomunoz.com/es/tengo-el-tunel-carpiano-en-mis-manos-es-una-lesion-de-compensacion-laboral/index.html]
[francomunoz.com/es/wp-json/wp/v2/posts/463.json]
[francomunoz.com/es/tag/compensacion-laboral/index.html]
[francomunoz.com/es/wp-json/wp/v2/tags/295.json]
[francomunoz.com/es/tag/compensacion-laboral/feed/index.html]
[francomunoz.com/es/tag/tunel-carpiano/index.html]
[francomunoz.com/es/2019/08/Firefox/index.html]
[francomunoz.com/como-evaluamos-una-lesion-cerebral-traumatica/index.html]
[francomunoz.com/es/2018/12/Firefox/index.html]
[francomunoz.com/tengo-un-caso-de-compensacion-de-trabajadores-si-me-lesiono-conduciendo-al-trabajo/index.html]
[francomunoz.com/es/wp-json/wp/v2/tags/296.json]
[francomunoz.com/es/tag/tunel-carpiano/feed/index.html]
[francomunoz.com/es/wp-json/oembed/1.0/embed2e01.json]
[francomunoz.com/es/wp-json/oembed/1.0/embede16b]
[francomunoz.com/es/tengo-un-caso-de-compensacion-de-trabajadores-si-me-lesiono-conduciendo-al-trabajo/index.html]
[francomunoz.com/es/2018/10/Firefox/index.html]
[francomunoz.com/puede-decirme-las-dos-formas-principales-de-resolver-mi-caso-de-compensacion-de-los-trabajadores/index.html]
[francomunoz.com/es/wp-json/wp/v2/posts/443.json]
[francomunoz.com/es/wp-json/oembed/1.0/embedfad2.json]
[francomunoz.com/es/wp-json/oembed/1.0/embed6675]
[francomunoz.com/es/puede-decirme-las-dos-formas-principales-de-resolver-mi-caso-de-compensacion-de-los-trabajadores/index.html]
[francomunoz.com/es/2018/08/Firefox/index.html]
[francomunoz.com/trabajo-en-un-trabajo-extremadamente-estresante-y-sufri-un-ataque-al-corazon-soy-elegible-para-recibir-beneficios-de-compensacion-laboral/index.html]
[francomunoz.com/es/wp-json/wp/v2/posts/438.json]
[francomunoz.com/es/wp-json/oembed/1.0/embed99db.json]
[francomunoz.com/es/wp-json/oembed/1.0/embeda33c]
[francomunoz.com/es/trabajo-en-un-trabajo-extremadamente-estresante-y-sufri-un-ataque-al-corazon-soy-elegible-para-recibir-beneficios-de-compensacion-laboral/index.html]
[francomunoz.com/es/wp-json/wp/v2/posts/434.json]
[francomunoz.com/es/tag/ataque-al-corazon/feed/index.html]
[francomunoz.com/es/tag/ataque-al-corazon/index.html]
[francomunoz.com/es/wp-json/wp/v2/tags/15.json]
[francomunoz.com/es/tag/compensacion-al-trabajador/index.html]
[francomunoz.com/es/wp-json/wp/v2/tags/17.json]
[francomunoz.com/es/tag/compensacion-al-trabajador/feed/index.html]
[francomunoz.com/es/tag/lesion-de-trabajo/index.html]
[francomunoz.com/es/2018/07/Firefox/index.html]
[francomunoz.com/me-lesione-pero-creo-que-mi-jefe-a-sabiendas-me-puso-en-una-situacion-muy-peligrosa-hay-algo-mas-que-se-pueda-hacer-por-mi/index.html]
[francomunoz.com/es/wp-json/wp/v2/tags/16.json]
[francomunoz.com/es/tag/lesion-de-trabajo/feed/index.html]
[francomunoz.com/es/wp-json/oembed/1.0/embed6ab7.json]
[francomunoz.com/es/wp-json/oembed/1.0/embed7159]
[francomunoz.com/es/me-lesione-pero-creo-que-mi-jefe-a-sabiendas-me-puso-en-una-situacion-muy-peligrosa-hay-algo-mas-que-se-pueda-hacer-por-mi/index.html]
[francomunoz.com/es/2018/05/Firefox/index.html]
[francomunoz.com/temo-que-pueda-ser-despedido-por-mi-lesion-puede-mi-empleador-despedirme/index.html]
[francomunoz.com/es/wp-json/wp/v2/posts/430.json]
[francomunoz.com/es/wp-json/oembed/1.0/embedab21.json]
[francomunoz.com/es/wp-json/oembed/1.0/embed1a4a]
[francomunoz.com/es/temo-que-pueda-ser-despedido-por-mi-lesion-puede-mi-empleador-despedirme/index.html]
[francomunoz.com/es/2018/02/Firefox/index.html]
[francomunoz.com/es/2017/12/Firefox/index.html]
[francomunoz.com/es/wp-json/wp/v2/posts/414.json]
[francomunoz.com/es/wp-json/oembed/1.0/embedcafa.json]
[francomunoz.com/es/wp-json/oembed/1.0/embed1f30]
[francomunoz.com/es/im-afraid-i-might-be-fired-because-of-my-injury-can-my-employer-fire-me/index.html]
[francomunoz.com/es/wp-json/wp/v2/posts/349.json]
[francomunoz.com/es/wp-json/oembed/1.0/embed7eca.json]
[francomunoz.com/es/wp-json/oembed/1.0/embedfc8b]
[francomunoz.com/es/the-insurance-company-accepted-my-claim-and-started-paying-me-temporary-disability-benefits-how-long-will-i-receive-these-benefits/index.html]
[francomunoz.com/es/category/abogado-de-accidentes-de-camiones/Firefox/index.html]
[francomunoz.com/wp-content/themes/Franco/fonts/Icon.svg]
[francomunoz.com/es/category/abogado-de-accidentes-de-construccion/Firefox/index.html]
[francomunoz.com/acuerdo-de-800000-para-trabajador-lesionado-en-caida-mientras-instalaba-ventanas/index.html]
[francomunoz.com/es/category/abogado-de-accidentes-de-lyft/Firefox/index.html]
[francomunoz.com/la-guia-esencial-para-elegir-al-abogado-adecuado-para-accidentes-de-lyft/index.html]
[francomunoz.com/es/category/abogado-de-accidentes-de-motocicleta/Firefox/index.html]
[francomunoz.com/es/category/abogado-de-accidentes-de-trafico/Firefox/index.html]
[francomunoz.com/es/wp-json/wp/v2/posts/347.json]
[francomunoz.com/es/category/abogado-de-accidentes-de-trafico/page/2/index.html]
[francomunoz.com/es/category/abogado-de-accidentes-de-trafico/page/3/index.html]
[francomunoz.com/es/category/abogado-de-accidentes-de-trafico/page/4/index.html]
[francomunoz.com/es/category/abogado-de-lesiones-laborales/Firefox/index.html]
[francomunoz.com/es/category/abogado-de-lesiones-laborales/page/2/index.html]
[francomunoz.com/navegando-el-proceso-de-compensacion-para-trabajadores-una-guia-para-trabajadores-lesionados/index.html]
[francomunoz.com/es/category/abogado-de-lesiones-personales-es/Firefox/index.html]
[francomunoz.com/es/category/abogado-de-lesiones-personales/Firefox/index.html]
[francomunoz.com/es/category/accidente-de-incendio/Firefox/index.html]
[francomunoz.com/es/category/accidente-de-trafico/Firefox/index.html]
[francomunoz.com/encontrar-al-mejor-abogado-para-casos-de-accidentes-de-auto/index.html]
[francomunoz.com/es/category/accidente-por-ahogamiento/Firefox/index.html]
[francomunoz.com/cuando-la-tragedia-golpea-en-el-agua-el-papel-de-un-abogado-de-accidentes-por-ahogamiento/index.html]
[francomunoz.com/es/category/ataque-al-corazon/Firefox/index.html]
[francomunoz.com/es/category/cal-osha-es/Firefox/index.html]
[francomunoz.com/es/category/caso-de-compensacion-al-trabajador/Firefox/index.html]
[francomunoz.com/es/category/caso-de-compensacion-al-trabajador/page/2/index.html]
[francomunoz.com/es/category/caso-denegado/Firefox/index.html]
[francomunoz.com/es/category/caso-millonario/Firefox/index.html]
[francomunoz.com/es/category/compensacion-laboral/Firefox/index.html]
[francomunoz.com/beneficios-de-compensacion-laboral-en-el-area-de-la-bahia-reclame-ahora/index.html]
[francomunoz.com/es/category/compromiso-y-liberacion/Firefox/index.html]
[francomunoz.com/es/category/deposicion/Firefox/index.html]
[francomunoz.com/es/category/dolores-de-cabeza/Firefox/index.html]
[francomunoz.com/el-aumento-de-los-costos-de-los-medicamentos-para-la-migrana-en-la-compensacion-laboral-de-california-lo-que-necesitas-saber/index.html]
[francomunoz.com/es/category/guias-medicas/Firefox/index.html]
[francomunoz.com/es/category/legal-strategy-es/Firefox/index.html]
[francomunoz.com/es/category/lesion-cerebral/Firefox/index.html]
[francomunoz.com/elegir-al-abogado-adecuado-para-lesiones-cerebrales-por-que-la-experiencia-importa/index.html]
[francomunoz.com/es/category/lesion-cerebral-traumatica-lct/Firefox/index.html]
[francomunoz.com/por-que-necesita-un-abogado-de-lesiones-personales-para-casos-de-lesiones-cerebrales/index.html]
[francomunoz.com/es/category/lesion-de-espalda/Firefox/index.html]
[francomunoz.com/es/category/lesion-de-trauma-acumulativo/Firefox/index.html]
[francomunoz.com/el-dia-de-las-madres-y-el-trauma-acumulativo-destacando-las-contribuciones-y-desafios-de-las-mujeres-en-el-lugar-de-trabajo/index.html]
[francomunoz.com/es/category/lesion-deportiva/Firefox/index.html]
[francomunoz.com/es/category/lesion-por-quemadura/Firefox/index.html]
[francomunoz.com/es/category/lesiones-del-cerebro/Firefox/index.html]
[francomunoz.com/es/category/lesiones-del-cuello/Firefox/index.html]
[francomunoz.com/es/category/los-pulmones/Firefox/index.html]
[francomunoz.com/es/category/qme-es/Firefox/index.html]
[francomunoz.com/es/category/reclamo-denegado/Firefox/index.html]
[francomunoz.com/lo-que-minecraft-la-pelicula-nos-ensena-sobre-construir-un-reclamo-fuerte-de-compensacion-laboral/index.html]
[francomunoz.com/es/category/resources-for-injured-workers-es/Firefox/index.html]
[francomunoz.com/como-presentar-un-reclamo-de-compensacion-para-trabajadores-en-oakland/index.html]
[francomunoz.com/es/category/restricciones-de-trabajdo/Firefox/index.html]
[francomunoz.com/es/category/restricciones-de-trabajo/Firefox/index.html]
[francomunoz.com/es/category/sin-categorizar/Firefox/index.html]
[francomunoz.com/es/category/sin-categorizar/page/2/index.html]
[francomunoz.com/lesionado-en-un-accidente-de-lyft-o-uber-confie-en-nuestros-experimentados-abogados-de-accidentes-de-rideshare/index.html]
[francomunoz.com/es/category/trabajo-modificado/Firefox/index.html]
[francomunoz.com/es/category/tratamiento-medico/Firefox/index.html]
[francomunoz.com/es/category/vctorias-legales/Firefox/index.html]
[francomunoz.com/es/category/violent-injuries-es/Firefox/index.html]
[francomunoz.com/how-to-close-your-workers-compensation-case-as-2025-wraps-up-planning-for-2026/Firefox/index.html]
[francomunoz.com/indexa730.html]
[francomunoz.com/navigating-workers-compensation-claims-amidst-high-profile-allegations-understanding-psychological-injury-claims/Firefox/index.html]
[francomunoz.com/indexe693.html]
[francomunoz.com/es/navigating-workers-compensation-claims-amidst-high-profile-allegations-understanding-psychological-injury-claims/index.html]
[francomunoz.com/how-to-close-your-workers-compensation-case-in-2025-what-you-need-to-know-in-a-changing-world/Firefox/index.html]
[francomunoz.com/index2648.html]
[francomunoz.com/can-you-tell-me-the-two-main-ways-to-settle-my-workers-comp-case/Firefox/index.html]
[francomunoz.com/indexc1f6.html]
[francomunoz.com/tag/cr/Firefox/index.html]
[francomunoz.com/tag/compromise-release/Firefox/index.html]
[francomunoz.com/tag/settlement-options/Firefox/index.html]
[francomunoz.com/tag/stips/Firefox/index.html]
[francomunoz.com/tag/stipulations/Firefox/index.html]
[francomunoz.com/how-to-close-your-workers-compensation-case/Firefox/index.html]
[francomunoz.com/index0b5c.html]
[francomunoz.com/rene-munoz-wins-1-85-million-for-injured-tesla-automobile-worker/Firefox/index.html]
[francomunoz.com/indexc5e7.html]
[francomunoz.com/franco-munoz-law-firm-wins-1-6-million-award-for-client-in-workers-comp-case/Firefox/index.html]
[francomunoz.com/index2905.html]
[francomunoz.com/tag/100-disability/Firefox/index.html]
[francomunoz.com/tag/lung-injury/Firefox/index.html]
[francomunoz.com/tag/million-dollar-case/Firefox/index.html]
[francomunoz.com/tag/traumatic-brain-injury/Firefox/index.html]
[francomunoz.com/tag/workers-comp-lawyer/Firefox/index.html]
[francomunoz.com/navigating-the-complexities-of-workers-compensation-claims-tips-from-a-workers-comp-lawyer-near-me/Firefox/index.html]
[francomunoz.com/indexf351.html]
[francomunoz.com/category/workers-compensation-lawyer/page/2/Firefox/index.html]
[francomunoz.com/labor-rights-in-california-why-do-you-need-labor-lawyers/Firefox/index.html]
[francomunoz.com/indexd233.html]
[francomunoz.com/es/labor-rights-in-california-why-do-you-need-labor-lawyers/index.html]
[francomunoz.com/top-5-reasons-you-need-a-workers-compensation-attorney/Firefox/index.html]
[francomunoz.com/index3be1.html]
[francomunoz.com/how-does-workers-compensation-work-a-comprehensive-guide/Firefox/index.html]
[francomunoz.com/indexba9e.html]
[francomunoz.com/es/how-does-workers-compensation-work-a-comprehensive-guide/index.html]
[francomunoz.com/how-to-appeal-a-denied-workers-compensation-claim/Firefox/index.html]
[francomunoz.com/indexfd2c.html]
[francomunoz.com/top-5-mistakes-workers-compensation-lawyers-make-and-how-to-avoid-them/Firefox/index.html]
[francomunoz.com/index9588.html]
[francomunoz.com/the-most-common-workplace-injuries-in-the-bay-area/Firefox/index.html]
[francomunoz.com/index65c8.html]
[francomunoz.com/how-to-file-a-workers-comp-claim-in-oakland-a-step-by-step-guide/Firefox/index.html]
[francomunoz.com/index7a07.html]
[francomunoz.com/category/workers-compensation-lawyer/page/3/Firefox/index.html]
[francomunoz.com/rene-munoz-secures-2-4-million-for-client-in-workers-compensation-case-after-insurance-denial/Firefox/index.html]
[francomunoz.com/index4178.html]
[francomunoz.com/two-ways-to-settle-your-workers-compensation-case/Firefox/index.html]
[francomunoz.com/indexf05d.html]
[francomunoz.com/es/two-ways-to-settle-your-workers-compensation-case/index.html]
[francomunoz.com/how-to-increase-the-value-of-your-back-injury-case/Firefox/index.html]
[francomunoz.com/indexa107.html]
[francomunoz.com/top-10-most-dangerous-jobs-in-the-united-states/Firefox/index.html]
[francomunoz.com/index8348.html]
[francomunoz.com/es/top-10-most-dangerous-jobs-in-the-united-states/index.html]
[francomunoz.com/how-much-is-my-workers-compensation-case-worth/Firefox/index.html]
[francomunoz.com/index6ca8.html]
[francomunoz.com/choosing-the-right-brain-injury-attorney-why-expertise-matters/Firefox/index.html]
[francomunoz.com/indexee0c.html]
[francomunoz.com/the-risky-air-at-teslas-fremont-plant-a-call-for-workplace-safety/Firefox/index.html]
[francomunoz.com/indexcbbe.html]
[francomunoz.com/need-a-workmans-comp-lawyer-understanding-your-rights-and-how-we-can-help/Firefox/index.html]
[francomunoz.com/index48d3.html]
[francomunoz.com/es/need-a-workmans-comp-lawyer-understanding-your-rights-and-how-we-can-help/index.html]
[francomunoz.com/why-you-need-expert-trucking-accident-lawyers-for-your-case/Firefox/index.html]
[francomunoz.com/index4511.html]
[francomunoz.com/when-tragedy-strikes-on-water-the-role-of-a-drowning-accident-lawyer/Firefox/index.html]
[francomunoz.com/indexfc84.html]
[francomunoz.com/injured-in-a-lyft-or-uber-accident-trust-our-experienced-rideshare-accident-lawyers/Firefox/index.html]
[francomunoz.com/index5c41.html]
[francomunoz.com/understanding-your-rights-after-a-workplace-injury-a-guide-to-protecting-your-workers-compensation-claim/Firefox/index.html]
[francomunoz.com/indexed0f.html]
[francomunoz.com/finding-the-best-car-accident-attorney-near-me-in-the-bay-area/Firefox/index.html]
[francomunoz.com/indexc474.html]
[francomunoz.com/es/finding-the-best-car-accident-attorney-near-me-in-the-bay-area/index.html]
[francomunoz.com/mothers-day-and-cumulative-trauma-highlighting-womens-contributions-and-challenges-in-the-workplace/Firefox/index.html]
[francomunoz.com/index8da6.html]
[francomunoz.com/workplace-fire-and-explosion-injury-claims/Firefox/index.html]
[francomunoz.com/index1bad.html]
[francomunoz.com/what-minecraft-the-movie-can-teach-us-about-building-a-strong-workers-compensation-claim/Firefox/index.html]
[francomunoz.com/indexa890.html]
[francomunoz.com/san-francisco-workers-what-to-do-if-your-claim-is-denied/Firefox/index.html]
[francomunoz.com/indexe41a.html]
[francomunoz.com/workers-compensation-benefits-bay-area-what-injured-workers-can-receive/Firefox/index.html]
[francomunoz.com/index47f1.html]
[francomunoz.com/eclipses-and-invisible-rings-what-the-cosmos-can-teach-us-about-workers-compensation/Firefox/index.html]
[francomunoz.com/index3d80.html]
[francomunoz.com/fighting-for-fair-compensation-what-ufc-fight-night-253-teaches-us-about-workers-compensation-for-multiple-injuries/Firefox/index.html]
[francomunoz.com/index9389.html]
[francomunoz.com/6-crucial-tips-for-victims-of-the-los-angeles-pacific-palisades-pasadena-and-altadena-fires/Firefox/index.html]
[francomunoz.com/indexe253.html]
[francomunoz.com/safeguarding-workers-lessons-from-cal-oshas-citations-against-safeway/Firefox/index.html]
[francomunoz.com/index7d98.html]
[francomunoz.com/es/safeguarding-workers-lessons-from-cal-oshas-citations-against-safeway/index.html]
[francomunoz.com/understanding-workers-compensation-time-limits-2/Firefox/index.html]
[francomunoz.com/index570b.html]
[francomunoz.com/do-workwhile-workers-have-a-valid-workers-compensation-case/Firefox/index.html]
[francomunoz.com/index208d.html]
[francomunoz.com/why-you-need-an-18-wheeler-accident-lawyer-for-your-case/Firefox/index.html]
[francomunoz.com/index0ba7.html]
[francomunoz.com/understanding-brain-injuries-in-the-workplace-how-a-brain-injury-lawyer-can-help/Firefox/index.html]
[francomunoz.com/indexe5f6.html]
[francomunoz.com/understanding-liability-for-cumulative-trauma-injuries-what-workers-need-to-know/Firefox/index.html]
[francomunoz.com/indexf5cb.html]
[francomunoz.com/es/understanding-liability-for-cumulative-trauma-injuries-what-workers-need-to-know/index.html]
[francomunoz.com/why-you-need-a-california-construction-accident-lawyer-for-your-case/Firefox/index.html]
[francomunoz.com/index80a2.html]
[francomunoz.com/why-you-need-a-workers-comp-attorney-in-the-bay-area/Firefox/index.html]
[francomunoz.com/indexda0c.html]
[francomunoz.com/wcab-extends-voucher-use-time-due-to-covid-19-what-you-need-to-know/Firefox/index.html]
[francomunoz.com/indexa731.html]
[francomunoz.com/es/wcab-extends-voucher-use-time-due-to-covid-19-what-you-need-to-know/index.html]
[francomunoz.com/californias-workers-compensation-rates-set-to-decline-what-this-means-for-injured-workers/Firefox/index.html]
[francomunoz.com/index17f1.html]
[francomunoz.com/the-rising-costs-of-migraine-medications-in-california-workers-compensation-what-you-need-to-know/Firefox/index.html]
[francomunoz.com/indexbac1.html]
[francomunoz.com/finding-the-best-attorney-for-car-accident-cases/Firefox/index.html]
[francomunoz.com/index1e59.html]
[francomunoz.com/what-is-the-premises-line-rule-in-workers-compensation/Firefox/index.html]
[francomunoz.com/indexcef9.html]
[francomunoz.com/top-5-things-your-lawyer-can-do-to-increase-the-value-of-your-workers-comp-case/Firefox/index.html]
[francomunoz.com/index01b9.html]
[francomunoz.com/changing-your-doctor-after-being-discharged-from-care/Firefox/index.html]
[francomunoz.com/index44fe.html]
[francomunoz.com/finding-the-best-motorcycle-accident-lawyer-for-your-case/Firefox/index.html]
[francomunoz.com/index3eeb.html]
[francomunoz.com/es/finding-the-best-motorcycle-accident-lawyer-for-your-case/index.html]
[francomunoz.com/why-you-need-a-car-accident-attorney-in-the-bay-area/Firefox/index.html]
[francomunoz.com/index3153.html]
[francomunoz.com/is-it-convenient-for-an-insurance-company-to-close-a-workers-compensation-case/Firefox/index.html]
[francomunoz.com/index203c.html]
[francomunoz.com/understanding-the-exclusive-remedy-rule-and-claims-against-co-workers/Firefox/index.html]
[francomunoz.com/index2b78.html]
[francomunoz.com/7-essential-tips-for-success-in-your-workers-compensation-case/Firefox/index.html]
[francomunoz.com/indexccf7.html]
[francomunoz.com/top-5-mistakes-workers-compensation-attorneys-make-and-how-to-avoid-them/Firefox/index.html]
[francomunoz.com/indexd699.html]
[francomunoz.com/why-you-need-a-personal-injury-attorney-for-brain-injury-cases/Firefox/index.html]
[francomunoz.com/index42fb.html]
[francomunoz.com/understanding-the-role-of-a-qme-state-doctor-and-their-importance-in-your-workers-compensation-case/Firefox/index.html]
[francomunoz.com/index03e9.html]
[francomunoz.com/es/understanding-the-role-of-a-qme-state-doctor-and-their-importance-in-your-workers-compensation-case/index.html]
[francomunoz.com/the-essential-guide-to-choosing-the-right-lyft-accident-lawyer/Firefox/index.html]
[francomunoz.com/index192b.html]
[francomunoz.com/workers-compensation-lawyer-how-to-choose-the-best-and-increase-the-value-of-your-case/Firefox/index.html]
[francomunoz.com/index86f6.html]
[francomunoz.com/finding-the-right-workers-comp-lawyer-near-me-a-comprehensive-guide/Firefox/index.html]
[francomunoz.com/index7979.html]
[francomunoz.com/top-10-things-to-look-for-in-a-workers-compensation-lawyer-before-hiring/Firefox/index.html]
[francomunoz.com/index7ffe.html]
[francomunoz.com/es/top-10-things-to-look-for-in-a-workers-compensation-lawyer-before-hiring/index.html]
[francomunoz.com/understanding-workers-compensation-benefits-in-assault-cases-the-maravilla-case/Firefox/index.html]
[francomunoz.com/index46e1.html]
[francomunoz.com/steve-franco-wins-1000000-million-award-for-injured-roofer/Firefox/index.html]
[francomunoz.com/indexf573.html]
[francomunoz.com/the-prestigious-inc-5000-has-recognized-franco-/Firefox/index.html]
[francomunoz.com/indexc308.html]
[francomunoz.com/celebrating-a-landmark-court-victory-justice-prevails-for-franco-munoz/Firefox/index.html]
[francomunoz.com/indexeba0.html]
[francomunoz.com/how-much-can-i-get-for-my-workers-comp-case/Firefox/index.html]
[francomunoz.com/index2bcd.html]
[francomunoz.com/workers-compensation-lawyer-los-angeles/index.html]
[francomunoz.com/how-long-does-a-workers-comp-case-take/index.html]
[francomunoz.com/what-is-a-deposition-in-my-workers-comp-case/Firefox/index.html]
[francomunoz.com/indexe703.html]
[francomunoz.com/tag/deposition/Firefox/index.html]
[francomunoz.com/tag/workers-compensation/Firefox/index.html]
[francomunoz.com/5-reasons-you-need-a-workers-comp-lawyer-in-california/Firefox/index.html]
[francomunoz.com/index3e9a.html]
[francomunoz.com/tag/denied-claim/Firefox/index.html]
[francomunoz.com/tag/free-consultation/Firefox/index.html]
[francomunoz.com/tag/reasons-you-need-a-workers-comp-attorney/Firefox/index.html]
[francomunoz.com/tag/workers-comp-benefits/Firefox/index.html]
[francomunoz.com/did-the-insurance-company-deny-your-workers-comp-claim/Firefox/index.html]
[francomunoz.com/index33e1.html]
[francomunoz.com/top-financial-resources-for-californians-affected-by-covid-19-virus/Firefox/index.html]
[francomunoz.com/index8a0c.html]
[francomunoz.com/tag/covid-19/Firefox/index.html]
[francomunoz.com/tag/financial-resources/Firefox/index.html]
[francomunoz.com/tag/workers-comp-rights/Firefox/index.html]
[francomunoz.com/im-hurt-and-dont-agree-with-the-doctors-work-restrictions-what-are-my-options/Firefox/index.html]
[francomunoz.com/indexa040.html]
[francomunoz.com/tag/modified-work/Firefox/index.html]
[francomunoz.com/tag/temporary-total-disability/Firefox/index.html]
[francomunoz.com/tag/work-restrictions/Firefox/index.html]
[francomunoz.com/i-have-carpal-tunnel-in-my-hands-could-that-be-work-related/Firefox/index.html]
[francomunoz.com/indexfe24.html]
[francomunoz.com/tag/ama-guides/Firefox/index.html]
[francomunoz.com/tag/mild-traumatic-brain-injury/Firefox/index.html]
[francomunoz.com/tag/mtbi/Firefox/index.html]
[francomunoz.com/tag/tbi/Firefox/index.html]
[francomunoz.com/do-i-have-a-workers-comp-case-if-i-get-injured-driving-to-work/Firefox/index.html]
[francomunoz.com/indexe982.html]
[francomunoz.com/i-work-an-extremely-stressful-job-and-i-suffered-a-heart-attack-am-i-eligible-for-workers-compensation-benefits/Firefox/index.html]
[francomunoz.com/indexecc4.html]
[francomunoz.com/tag/eligible-for-benefits/Firefox/index.html]
[francomunoz.com/tag/heart-attack/Firefox/index.html]
[francomunoz.com/tag/injury/Firefox/index.html]
[francomunoz.com/tag/stressful-job/Firefox/index.html]
[francomunoz.com/tag/workers-comp/Firefox/index.html]
[francomunoz.com/i-was-injured-but-i-think-my-boss-knowingly-put-me-in-a-very-dangerous-situation-is-there-anything-else-that-can-be-done-for-me/Firefox/index.html]
[francomunoz.com/indexa942.html]
[francomunoz.com/tag/dangerous-situation/Firefox/index.html]
[francomunoz.com/tag/serious-and-willful-misconduct/Firefox/index.html]
[francomunoz.com/the-insurance-company-denied-my-claim-but-i-need-medical-treatment-can-i-use-my-private-medical-insurance/Firefox/index.html]
[francomunoz.com/index007a.html]
[francomunoz.com/tag/medical-treatment/Firefox/index.html]
[francomunoz.com/im-afraid-i-might-be-fired-because-of-my-injury-can-my-employer-fire-me-2/Firefox/index.html]
[francomunoz.com/index672e.html]
[francomunoz.com/es/i-was-hurt-on-the-job-but-dont-know-what-to-do-what-should-i-do-first/Firefox/index.html]
[francomunoz.com/es/index50ca.html]
[francomunoz.com/i-was-hurt-on-the-job-but-dont-know-what-to-do-what-should-i-do-first/Firefox/index.html]
[francomunoz.com/indexf3dd.html]
[francomunoz.com/the-insurance-company-accepted-my-claim-and-started-paying-me-temporary-disability-benefits-how-long-will-i-receive-these-benefits/Firefox/index.html]
[francomunoz.com/index0114.html]
[francomunoz.com/im-afraid-i-might-be-fired-because-of-my-injury-can-my-employer-fire-me/Firefox/index.html]
[francomunoz.com/index4e6a.html]
[francomunoz.com/category/accident-attorney/page/2/Firefox/index.html]
[francomunoz.com/category/accident-attorney/page/3/Firefox/index.html]
[francomunoz.com/es/fighting-for-fair-compensation-what-ufc-fight-night-253-teaches-us-about-workers-compensation-for-multiple-injuries/index.html]
[francomunoz.com/category/accident-attorney/page/4/Firefox/index.html]
[francomunoz.com/es/category/contratista-independiente/Firefox/index.html]
[francomunoz.com/es/category/incapacidad-temporal/Firefox/index.html]
[francomunoz.com/entendiendo-el-impacto-de-los-cambios-en-el-salario-minimo-de-california-en-las-tasas-de-incapacidad-temporal/index.html]
[francomunoz.com/category/uncategorized/page/2/Firefox/index.html]
[francomunoz.com/category/work-injury-attorney/page/2/Firefox/index.html]
[francomunoz.com/category/workers-comp-case/page/2/Firefox/index.html]
[francomunoz.com/es/por-que-el-bufete-de-abogados-franco-munoz-es-el-mejor-abogado-de-compensacion-para-trabajadores-para-su-caso/Firefox/index.html]
[francomunoz.com/por-que-el-bufete-de-abogados-franco-munoz-es-el-mejor-abogado-de-compensacion-para-trabajadores-para-su-caso/index.html]
[francomunoz.com/es/index6c69.html]
[francomunoz.com/es/steve-franco/Firefox/index.html]
[francomunoz.com/es/index4ef8.html]
[francomunoz.com/es/rene-munoz/Firefox/index.html]
[francomunoz.com/es/index7d3e.html]
[francomunoz.com/wp-content/uploads/siteorigin-widgets/sow-image-default-c67d20f9f743-65242a0.css]
[francomunoz.com/es/index47dc.html]
[francomunoz.com/es/laura-stephan/Firefox/index.html]
[francomunoz.com/es/indexa818.html]
[francomunoz.com/es/daniel-alvarez/Firefox/index.html]
[francomunoz.com/es/index5579.html]
[francomunoz.com/es/entendiendo-el-papel-de-un-abogado-de-accidentes-de-construccion-en-la-ley-de-lesiones-personales-y-la-compensacion-de-trabajadores/Firefox/index.html]
[francomunoz.com/es/indexc1cc.html]
[francomunoz.com/entendiendo-el-papel-de-un-abogado-de-accidentes-de-construccion-en-la-ley-de-lesiones-personales-y-la-compensacion-de-trabajadores/index.html]
[francomunoz.com/es/tienen-los-trabajadores-de-workwhile-un-caso-valido-de-compensacion-para-trabajadores/Firefox/index.html]
[francomunoz.com/es/indexe49d.html]
[francomunoz.com/es/comprendiendo-sus-derechos-despues-de-una-lesion-en-el-lugar-de-trabajo-una-guia-para-proteger-su-reclamacion-de-compensacion-para-trabajadores/Firefox/index.html]
[francomunoz.com/es/indexde70.html]
[francomunoz.com/es/como-determinar-el-nivel-de-discapacidad-para-una-lesion-de-espalda-en-casos-de-compensacion-laboral/Firefox/index.html]
[francomunoz.com/es/indexa542.html]
[francomunoz.com/es/tu-derecho-a-la-atencion-medica-por-que-un-sistema-de-seguridad-cuenta-en-la-compensacion-laboral/Firefox/index.html]
[francomunoz.com/es/index1b15.html]
[francomunoz.com/tu-derecho-a-la-atencion-medica-por-que-un-sistema-de-seguridad-cuenta-en-la-compensacion-laboral/index.html]
[francomunoz.com/es/reciente-caso-de-compensacion-laboral-muestra-la-importancia-de-una-evaluacion-precisa-de-la-discapacidad/Firefox/index.html]
[francomunoz.com/es/indexd5ec.html]
[francomunoz.com/reciente-caso-de-compensacion-laboral-muestra-la-importancia-de-una-evaluacion-precisa-de-la-discapacidad/index.html]
[francomunoz.com/indexb336.html]
[francomunoz.com/index8475.html]
[francomunoz.com/indexc2c2.html]
[francomunoz.com/es/contacto/Firefox/index.html]
[francomunoz.com/es/indexc524.html]
[francomunoz.com/es/entendiendo-el-papel-de-un-abogado-de-lesiones-personales-y-un-abogado-de-accidentes-de-auto/Firefox/index.html]
[francomunoz.com/entendiendo-el-papel-de-un-abogado-de-lesiones-personales-y-un-abogado-de-accidentes-de-auto/index.html]
[francomunoz.com/es/indexe6eb.html]
[francomunoz.com/es/como-cerrar-su-caso-de-compensacion-laboral-en-2026-una-guia-para-tomar-la-mejor-decision/Firefox/index.html]
[francomunoz.com/es/indexe10c.html]
[francomunoz.com/es/cuanto-dinero-puedo-recibir-por-mi-caso-de-lesiones-personales-en-california/Firefox/index.html]
[francomunoz.com/es/index4be5.html]
[francomunoz.com/es/liderando-con-vision-steve-franco-sobre-innovacion-legal-y-mentoria/Firefox/index.html]
[francomunoz.com/es/indexdf39.html]
[francomunoz.com/es/como-probar-incapacidad-permanente-total-100-en-un-caso-de-compensacion-laboral-en-california/Firefox/index.html]
[francomunoz.com/es/indexd19f.html]
[francomunoz.com/es/navegando-el-proceso-de-compensacion-para-trabajadores-una-guia-para-trabajadores-lesionados/Firefox/index.html]
[francomunoz.com/es/indexc339.html]
[francomunoz.com/es/como-aumentar-el-valor-de-su-caso-de-lesion-de-cuello/Firefox/index.html]
[francomunoz.com/es/indexa19d.html]
[francomunoz.com/es/acuerdo-de-800000-para-trabajador-lesionado-en-caida-mientras-instalaba-ventanas/Firefox/index.html]
[francomunoz.com/es/indexc3e0.html]
[francomunoz.com/es/recursos/page/2/Firefox/index.html]
[francomunoz.com/recursos/index.html]
[francomunoz.com/es/recursos/page/4/index.html]
[francomunoz.com/es/recursos/page/3/Firefox/index.html]
[francomunoz.com/los-angeles-workers-compensation-attorneys/index.html]
[francomunoz.com/es/recursos/page/5/index.html]
[francomunoz.com/es/compensacion-laboral-para-atletas-lecciones-del-super-bowl-y-el-impacto-oculto-de-las-lesiones-en-la-cabeza/Firefox/index.html]
[francomunoz.com/es/index2136.html]
[francomunoz.com/es/encontrar-al-mejor-abogado-para-casos-de-accidentes-de-auto/Firefox/index.html]
[francomunoz.com/es/index1e77.html]
[francomunoz.com/es/comprender-las-lesiones-cerebrales-en-el-trabajo-como-puede-ayudar-un-abogado-de-lesiones-cerebrales/Firefox/index.html]
[francomunoz.com/comprender-las-lesiones-cerebrales-en-el-trabajo-como-puede-ayudar-un-abogado-de-lesiones-cerebrales/index.html]
[francomunoz.com/es/indexe75f.html]
[francomunoz.com/es/como-evaluamos-una-lesion-cerebral-traumatica/Firefox/index.html]
[francomunoz.com/es/indexc31c.html]
[francomunoz.com/estela-barajas/Firefox/index.html]
[francomunoz.com/es/estela-barajas/Firefox/index.html]
[francomunoz.com/wp-content/plugins/kk-star-ratings/src/core/public/svg/inactive.svg]
[francomunoz.com/wp-content/plugins/kk-star-ratings/src/core/public/svg/active.svg]
[francomunoz.com/wp-content/plugins/kk-star-ratings/src/core/public/svg/selected.svg]
[francomunoz.com/wp-content/plugins/wpforms/assets/pro/images/times-solid-white.svg]
[francomunoz.com/wp-content/plugins/wpforms/assets/pro/images/camera-video.svg]
[francomunoz.com/wp-content/plugins/wpforms/assets/images/crop.html]
[francomunoz.com/wp-content/plugins/wpforms/assets/pro/images/camera-rotate.svg]
[francomunoz.com/wp-content/plugins/wpforms/assets/pro/images/camera.svg]
[francomunoz.com/wp-content/plugins/wpforms/assets/pro/images/crop.svg]
[francomunoz.com/wp-content/plugins/wpforms/assets/pro/images/cancel.svg]
[francomunoz.com/wp-content/plugins/wpforms/assets/pro/images/trash.svg]
[francomunoz.com/top-workers-compensation-lawyers-california/careers/attorney-entry-wc/Firefox/index.html]
[francomunoz.com/index9ab8.html]
[francomunoz.com/es/top-workers-compensation-lawyers-california/careers/attorney-entry-wc/index.html]
[francomunoz.com/es/entendiendo-la-importancia-de-un-abogado-de-accidentes-de-auto/Firefox/index.html]
[francomunoz.com/es/index3c2a.html]
[francomunoz.com/es/cuanto-vale-mi-caso-de-compensacion-para-trabajadores-en-california/Firefox/index.html]
[francomunoz.com/es/index6e2d.html]
[francomunoz.com/es/entendiendo-el-impacto-de-los-cambios-en-el-salario-minimo-de-california-en-las-tasas-de-incapacidad-temporal/Firefox/index.html]
[francomunoz.com/es/indexdf16.html]
[francomunoz.com/es/como-encontrar-al-abogado-adecuado-para-su-caso-de-lesiones-personales-por-accidente-de-trafico/Firefox/index.html]
[francomunoz.com/es/index4407.html]
[francomunoz.com/como-encontrar-al-abogado-adecuado-para-su-caso-de-lesiones-personales-por-accidente-de-trafico/index.html]
[francomunoz.com/es/vallejo-workers-compensation/Firefox/index.html]
[francomunoz.com/es/index55fc.html]
[francomunoz.com/es/hayward-workers-compensation/Firefox/index.html]
[francomunoz.com/es/indexe264.html]
[francomunoz.com/es/san-francisco-workers-compensation/Firefox/index.html]
[francomunoz.com/es/indexb74b.html]
[francomunoz.com/es/index4b24.html]
[francomunoz.com/resources/page/4/Firefox/index.html]
[francomunoz.com/es/resources/index.html]
[francomunoz.com/es/recursos/page/6/index.html]
[francomunoz.com/resources/page/6/index.html]
[francomunoz.com/resources/page/5/Firefox/index.html]
[francomunoz.com/resources/page/7/index.html]
[francomunoz.com/resources/page/10/Firefox/index.html]
[francomunoz.com/resources/page/8/index.html]
[francomunoz.com/resources/page/9/Firefox/index.html]
[francomunoz.com/es/navegando-las-complejidades-de-las-reclamaciones-de-compensacion-laboral-consejos-de-un-abogado-de-compensacion-laboral-cerca-de-mi/Firefox/index.html]
[francomunoz.com/es/indexd53a.html]
[francomunoz.com/es/rene-munoz-obtiene-2-4-millones-para-un-cliente-en-un-caso-de-compensacion-laboral-tras-la-negativa-de-la-aseguradora/Firefox/index.html]
[francomunoz.com/es/indexa7b3.html]
[francomunoz.com/es/deposicion-jurada/Firefox/index.html]
[francomunoz.com/es/index55df.html]
[francomunoz.com/es/es-conveniente-para-una-compania-de-seguros-cerrar-un-caso-de-compensacion-laboral/Firefox/index.html]
[francomunoz.com/es-conveniente-para-una-compania-de-seguros-cerrar-un-caso-de-compensacion-laboral/index.html]
[francomunoz.com/es/index9311.html]
[francomunoz.com/es/category/abogado-de-compensacion-laboral-es/page/2/Firefox/index.html]
[francomunoz.com/es/derechos-laborales-en-california-por-que-necesita-abogados-laborales/Firefox/index.html]
[francomunoz.com/es/index1ce4.html]
[francomunoz.com/es/las-5-razones-principales-para-necesitar-un-abogado-de-compensacion-laboral/Firefox/index.html]
[francomunoz.com/es/index2f99.html]
[francomunoz.com/es/como-funciona-la-compensacion-laboral-una-guia-completa/Firefox/index.html]
[francomunoz.com/es/index9a20.html]
[francomunoz.com/es/como-apelar-una-reclamacion-de-compensacion-para-trabajadores-denegada/Firefox/index.html]
[francomunoz.com/es/indexac80.html]
[francomunoz.com/es/los-5-errores-principales-que-cometen-los-abogados-de-compensacion-para-trabajadores-y-como-evitarlos/Firefox/index.html]
[francomunoz.com/es/index4e45.html]
[francomunoz.com/es/las-lesiones-laborales-mas-comunes-en-el-area-de-la-bahia/Firefox/index.html]
[francomunoz.com/es/indexf770.html]
[francomunoz.com/es/category/abogado-de-compensacion-laboral-es/page/3/Firefox/index.html]
[francomunoz.com/encontrar-al-abogado-de-compensacion-laboral-adecuado-cerca-de-mi-una-guia-completa/index.html]
[francomunoz.com/es/dos-maneras-de-resolver-su-caso-de-compensacion-para-trabajadores/Firefox/index.html]
[francomunoz.com/es/index876b.html]
[francomunoz.com/es/como-aumentar-el-valor-de-su-caso-por-lesion-de-espalda/Firefox/index.html]
[francomunoz.com/es/index1d67.html]
[francomunoz.com/es/los-10-trabajos-mas-peligrosos-en-los-estados-unidos/Firefox/index.html]
[francomunoz.com/es/indexccbd.html]
[francomunoz.com/es/cuanto-vale-mi-caso-de-compensacion-laboral/Firefox/index.html]
[francomunoz.com/es/index13c2.html]
[francomunoz.com/es/elegir-al-abogado-adecuado-para-lesiones-cerebrales-por-que-la-experiencia-importa/Firefox/index.html]
[francomunoz.com/es/index027d.html]
[francomunoz.com/es/como-cerrar-su-caso-de-compensacion-laboral-mientras-finaliza-el-2025-planificacion-para-el-2026/Firefox/index.html]
[francomunoz.com/es/index553d.html]
[francomunoz.com/es/los-peligros-en-la-planta-de-fremont-de-tesla-una-llamada-a-la-seguridad-laboral/Firefox/index.html]
[francomunoz.com/es/index01d1.html]
[francomunoz.com/es/necesita-un-abogado-de-compensacion-laboral-entienda-sus-derechos-y-como-podemos-ayudar/Firefox/index.html]
[francomunoz.com/es/indexff96.html]
[francomunoz.com/es/por-que-necesita-abogados-expertos-en-accidentes-de-camiones-para-su-caso/Firefox/index.html]
[francomunoz.com/es/index1d4f.html]
[francomunoz.com/es/cuando-la-tragedia-golpea-en-el-agua-el-papel-de-un-abogado-de-accidentes-por-ahogamiento/Firefox/index.html]
[francomunoz.com/es/index814e.html]
[francomunoz.com/es/lesionado-en-un-accidente-de-lyft-o-uber-confie-en-nuestros-experimentados-abogados-de-accidentes-de-rideshare/Firefox/index.html]
[francomunoz.com/es/index9be9.html]
[francomunoz.com/es/encontrar-al-mejor-abogado-de-accidentes-de-auto-cerca-de-mi-en-el-area-de-la-bahia/Firefox/index.html]
[francomunoz.com/es/indexdc32.html]
[francomunoz.com/es/el-dia-de-las-madres-y-el-trauma-acumulativo-destacando-las-contribuciones-y-desafios-de-las-mujeres-en-el-lugar-de-trabajo/Firefox/index.html]
[francomunoz.com/es/indexad79.html]
[francomunoz.com/es/incendios-y-explosiones-en-el-lugar-de-trabajo-protegiendo-a-los-trabajadores-en-entornos-peligrosos/Firefox/index.html]
[francomunoz.com/es/index7418.html]
[francomunoz.com/es/lo-que-minecraft-la-pelicula-nos-ensena-sobre-construir-un-reclamo-fuerte-de-compensacion-laboral/Firefox/index.html]
[francomunoz.com/es/index4d02.html]
[francomunoz.com/es/reclamo-de-compensacion-laboral-denegado-en-san-francisco-que-hacer/Firefox/index.html]
[francomunoz.com/reclamo-de-compensacion-laboral-denegado-en-san-francisco-que-hacer/index.html]
[francomunoz.com/es/indexd108.html]
[francomunoz.com/es/beneficios-de-compensacion-laboral-en-el-area-de-la-bahia-reclame-ahora/Firefox/index.html]
[francomunoz.com/es/indexdbcb.html]
[francomunoz.com/es/como-presentar-un-reclamo-de-compensacion-para-trabajadores-en-oakland/Firefox/index.html]
[francomunoz.com/es/index6371.html]
[francomunoz.com/es/eclipses-y-anillos-invisibles-lo-que-el-cosmos-nos-ensena-sobre-la-compensacion-laboral/Firefox/index.html]
[francomunoz.com/eclipses-y-anillos-invisibles-lo-que-el-cosmos-nos-ensena-sobre-la-compensacion-laboral/index.html]
[francomunoz.com/es/indexfb54.html]
[francomunoz.com/es/luchando-por-una-compensacion-justa-lo-que-ufc-fight-night-253-nos-ensena-sobre-la-compensacion-laboral-por-multiples-lesiones/Firefox/index.html]
[francomunoz.com/es/index3e90.html]
[francomunoz.com/es/navegando-reclamos-de-compensacion-laboral-por-lesiones-psicologicas-comprendiendo-los-reclamos-por-dano-psicologico/Firefox/index.html]
[francomunoz.com/es/indexcf56.html]
[francomunoz.com/es/como-cerrar-su-caso-de-compensacion-laboral-en-2024-lo-que-necesita-saber-en-un-mundo-cambiante/Firefox/index.html]
[francomunoz.com/es/index12a6.html]
[francomunoz.com/es/6-consejos-cruciales-para-las-victimas-de-los-incendios-en-los-angeles-pacific-palisades-pasadena-y-altadena/Firefox/index.html]
[francomunoz.com/6-consejos-cruciales-para-las-victimas-de-los-incendios-en-los-angeles-pacific-palisades-pasadena-y-altadena/index.html]
[francomunoz.com/es/index4fb0.html]
[francomunoz.com/es/protegiendo-a-los-trabajadores-lecciones-de-las-citaciones-de-cal-osha-contra-safeway/Firefox/index.html]
[francomunoz.com/es/index7321.html]
[francomunoz.com/es/entendiendo-los-plazos-en-la-compensacion-de-trabajadores/Firefox/index.html]
[francomunoz.com/es/indexc61d.html]
[francomunoz.com/es/por-que-necesita-un-abogado-de-accidentes-de-camiones-de-18-ruedas-para-su-caso/Firefox/index.html]
[francomunoz.com/por-que-necesita-un-abogado-de-accidentes-de-camiones-de-18-ruedas-para-su-caso/index.html]
[francomunoz.com/es/indexc2c4.html]
[francomunoz.com/es/entendiendo-la-responsabilidad-por-lesiones-de-trauma-acumulativo-lo-que-los-trabajadores-deben-saber/Firefox/index.html]
[francomunoz.com/es/index5e1c.html]
[francomunoz.com/es/por-que-necesita-un-abogado-de-accidentes-de-construccion-en-california-para-su-caso/Firefox/index.html]
[francomunoz.com/es/index3662.html]
[francomunoz.com/es/por-que-necesitas-un-abogado-de-compensacion-laboral-en-el-area-de-la-bahia/Firefox/index.html]
[francomunoz.com/por-que-necesitas-un-abogado-de-compensacion-laboral-en-el-area-de-la-bahia/index.html]
[francomunoz.com/es/index8d07.html]
[francomunoz.com/es/la-wcab-extiende-el-tiempo-para-usar-el-vale-debido-al-covid-19-lo-que-necesita-saber/Firefox/index.html]
[francomunoz.com/es/index6bb7.html]
[francomunoz.com/es/las-tasas-de-compensacion-laboral-en-california-disminuyen-que-significa-esto-para-los-trabajadores-lesionados/Firefox/index.html]
[francomunoz.com/es/index2987.html]
[francomunoz.com/es/el-aumento-de-los-costos-de-los-medicamentos-para-la-migrana-en-la-compensacion-laboral-de-california-lo-que-necesitas-saber/Firefox/index.html]
[francomunoz.com/es/index9e97.html]
[francomunoz.com/es/que-es-la-regla-de-la-linea-de-premisas-en-la-compensacion-de-trabajadores/Firefox/index.html]
[francomunoz.com/es/index9e83.html]
[francomunoz.com/es/las-5-mejores-cosas-que-su-abogado-puede-hacer-para-aumentar-el-valor-de-su-caso-de-compensacion-laboral/Firefox/index.html]
[francomunoz.com/es/index2582.html]
[francomunoz.com/es/cambio-de-medico-tratante-despues-del-alta-medica/Firefox/index.html]
[francomunoz.com/cambio-de-medico-tratante-despues-del-alta-medica/index.html]
[francomunoz.com/es/indexa028.html]
[francomunoz.com/es/encontrar-al-mejor-abogado-de-accidentes-de-motocicleta-para-su-caso/Firefox/index.html]
[francomunoz.com/es/index3e59.html]
[francomunoz.com/es/abogado-de-lesiones-personales-en-los-angeles/index.html]
[francomunoz.com/es/que-hacer-despues-de-un-accidente-de-moto/index.html]
[francomunoz.com/es/por-que-necesitas-un-abogado-de-accidentes-de-auto-en-el-area-de-la-bahia/Firefox/index.html]
[francomunoz.com/por-que-necesitas-un-abogado-de-accidentes-de-auto-en-el-area-de-la-bahia/index.html]
[francomunoz.com/es/index5f98.html]
[francomunoz.com/es/entendiendo-la-regla-de-remedio-exclusivo-y-las-reclamaciones-contra-companeros-de-trabajo/Firefox/index.html]
[francomunoz.com/es/index391d.html]
[francomunoz.com/es/7-consejos-esenciales-para-tener-exito-en-su-caso-de-compensacion-laboral/Firefox/index.html]
[francomunoz.com/es/index7231.html]
[francomunoz.com/es/los-5-errores-principales-que-cometen-los-abogados-de-compensacion-laboral-y-como-evitarlos/Firefox/index.html]
[francomunoz.com/los-5-errores-principales-que-cometen-los-abogados-de-compensacion-laboral-y-como-evitarlos/index.html]
[francomunoz.com/es/index8569.html]
[francomunoz.com/es/por-que-necesita-un-abogado-de-lesiones-personales-para-casos-de-lesiones-cerebrales/Firefox/index.html]
[francomunoz.com/es/indexa69b.html]
[francomunoz.com/es/comprendiendo-el-papel-de-un-medico-estatal-qme-y-su-importancia-en-tu-caso-de-compensacion-laboral/Firefox/index.html]
[francomunoz.com/es/index209a.html]
[francomunoz.com/es/la-guia-esencial-para-elegir-al-abogado-adecuado-para-accidentes-de-lyft/Firefox/index.html]
[francomunoz.com/es/index2bd5.html]
[francomunoz.com/es/abogado-de-accidentes-de-trabajo-como-elegir-el-mejor-y-aumentar-el-valor-de-su-caso/Firefox/index.html]
[francomunoz.com/es/index31c2.html]
[francomunoz.com/es/encontrar-al-abogado-de-compensacion-laboral-adecuado-cerca-de-mi-una-guia-completa/Firefox/index.html]
[francomunoz.com/es/index8bab.html]
[francomunoz.com/es/como-cerrar-su-caso-de-compensacion-para-trabajadores/Firefox/index.html]
[francomunoz.com/es/indexe006.html]
[francomunoz.com/es/las-10-cosas-principales-que-debes-buscar-en-un-abogado-de-compensacion-para-trabajadores-antes-de-contratar/Firefox/index.html]
[francomunoz.com/es/index24bb.html]
[francomunoz.com/es/understanding-workers-compensation-benefits-in-assault-cases-the-maravilla-case/Firefox/index.html]
[francomunoz.com/es/index5d2a.html]
[francomunoz.com/es/steve-franco-gana-una-recompensa-de-1000000-para-el-trabajador-de-techos-lesionado/Firefox/index.html]
[francomunoz.com/es/indexfe6b.html]
[francomunoz.com/es/la-prestigiosa-lista-inc-5000-ha-reconocido-al-/Firefox/index.html]
[francomunoz.com/es/index2487.html]
[francomunoz.com/es/celebrando-una-victoria-historica-en-el-tribunal-la-justicia-prevalece-para-franco-munoz/Firefox/index.html]
[francomunoz.com/es/indexaaf8.html]
[francomunoz.com/es/rene-munoz-gana-1-85-millones-para-trabajador-lesionado-de-tesla-automobile/Firefox/index.html]
[francomunoz.com/es/indexb4ec.html]
[francomunoz.com/es/cuanto-vale-mi-caso-de-compensacion-para-trabajadores/Firefox/index.html]
[francomunoz.com/es/indexaa11.html]
[francomunoz.com/es/5-razones-por-las-que-necesita-un-abogado-de-compensacion-laboral-en-california/Firefox/index.html]
[francomunoz.com/es/indexbc2b.html]
[francomunoz.com/es/tag/beneficios-de-compensacion-de-trabajadores/Firefox/index.html]
[francomunoz.com/es/tag/consulta-gratis/Firefox/index.html]
[francomunoz.com/es/tag/razones-por-las-que-necesita-un-abogado-de-compensacion-laboral/Firefox/index.html]
[francomunoz.com/es/tag/reclamo-denegado/Firefox/index.html]
[francomunoz.com/es/la-compania-de-seguros-nego-su-reclamo-de-compensacion-para-trabajadores/Firefox/index.html]
[francomunoz.com/es/index4c2b.html]
[francomunoz.com/es/principales-recursos-financieros-para-los-californianos-afectados-por-el-virus-covid-19/Firefox/index.html]
[francomunoz.com/es/index2847.html]
[francomunoz.com/es/tag/abogado-de-workers-comp/Firefox/index.html]
[francomunoz.com/es/tag/corona-virus/Firefox/index.html]
[francomunoz.com/es/tag/recursos-financieros/Firefox/index.html]
[francomunoz.com/es/tag/recursos-para-trabajadores/Firefox/index.html]
[francomunoz.com/es/estoy-herido-y-no-estoy-de-acuerdo-con-las-restricciones-laborales-del-medico-cuales-son-mis-opciones/Firefox/index.html]
[www.employmentlawinsights.com/wp-content/uploads/sites/5/2016/04/Light-Duty-Job-445x666.html]
[francomunoz.com/es/index8c8c.html]
[francomunoz.com/es/tag/restricciones-del-doctor/Firefox/index.html]
[francomunoz.com/es/tag/restricciones-laborales/Firefox/index.html]
[francomunoz.com/es/tag/trabajo-modificado/Firefox/index.html]
[francomunoz.com/es/nuestro-cliente-gana-demanda-de-16-millones-por-accidente-laboral/Firefox/index.html]
[francomunoz.com/es/index7ab1.html]
[francomunoz.com/es/tag/cliente-gana-millones/Firefox/index.html]
[francomunoz.com/es/tag/lesiones-del-cerebro/Firefox/index.html]
[francomunoz.com/es/tengo-el-tunel-carpiano-en-mis-manos-es-una-lesion-de-compensacion-laboral/Firefox/index.html]
[francomunoz.com/es/indexbbbc.html]
[francomunoz.com/es/tag/compensacion-laboral/Firefox/index.html]
[francomunoz.com/es/tag/tunel-carpiano/Firefox/index.html]
[francomunoz.com/es/tengo-un-caso-de-compensacion-de-trabajadores-si-me-lesiono-conduciendo-al-trabajo/Firefox/index.html]
[francomunoz.com/es/indexe0b1.html]
[francomunoz.com/es/puede-decirme-las-dos-formas-principales-de-resolver-mi-caso-de-compensacion-de-los-trabajadores/Firefox/index.html]
[francomunoz.com/es/index9ed5.html]
[francomunoz.com/es/trabajo-en-un-trabajo-extremadamente-estresante-y-sufri-un-ataque-al-corazon-soy-elegible-para-recibir-beneficios-de-compensacion-laboral/Firefox/index.html]
[francomunoz.com/es/index5442.html]
[francomunoz.com/es/tag/ataque-al-corazon/Firefox/index.html]
[francomunoz.com/es/tag/compensacion-al-trabajador/Firefox/index.html]
[francomunoz.com/es/tag/lesion-de-trabajo/Firefox/index.html]
[francomunoz.com/es/me-lesione-pero-creo-que-mi-jefe-a-sabiendas-me-puso-en-una-situacion-muy-peligrosa-hay-algo-mas-que-se-pueda-hacer-por-mi/Firefox/index.html]
[francomunoz.com/es/indexbdc5.html]
[francomunoz.com/es/temo-que-pueda-ser-despedido-por-mi-lesion-puede-mi-empleador-despedirme/Firefox/index.html]
[francomunoz.com/es/index24eb.html]
[francomunoz.com/es/im-afraid-i-might-be-fired-because-of-my-injury-can-my-employer-fire-me/Firefox/index.html]
[francomunoz.com/es/index601c.html]
[francomunoz.com/es/the-insurance-company-accepted-my-claim-and-started-paying-me-temporary-disability-benefits-how-long-will-i-receive-these-benefits/Firefox/index.html]
[francomunoz.com/es/index0974.html]
[francomunoz.com/es/category/abogado-de-accidentes-de-trafico/page/2/Firefox/index.html]
[francomunoz.com/es/category/abogado-de-accidentes-de-trafico/page/3/Firefox/index.html]
[francomunoz.com/es/category/abogado-de-accidentes-de-trafico/page/4/Firefox/index.html]
[francomunoz.com/es/category/abogado-de-lesiones-laborales/page/2/Firefox/index.html]
[francomunoz.com/es/category/caso-de-compensacion-al-trabajador/page/2/Firefox/index.html]
[francomunoz.com/es/category/sin-categorizar/page/2/Firefox/index.html]
[francomunoz.com/wp-json/oembed/1.0/embed6882.json]
[francomunoz.com/wp-json/oembed/1.0/embedd534]
[francomunoz.com/los-angeles-workers-compensation-attorneys/index.html]
[francomunoz.com/es/recursos/page/4/Firefox/index.html]
[francomunoz.com/es/los-angeles-workers-compensation/index.html]
[francomunoz.com/wp-json/wp/v2/pages/2128.json]
[francomunoz.com/es/recursos/page/6/index.html]
[francomunoz.com/es/recursos/page/5/Firefox/index.html]
[francomunoz.com/es/recursos/page/7/index.html]
[francomunoz.com/resources/page/6/Firefox/index.html]
[francomunoz.com/resources/page/7/Firefox/index.html]
[francomunoz.com/resources/page/8/Firefox/index.html]
[francomunoz.com/los-angeles-workers-compensation-attorneys/Firefox/index.html]
[francomunoz.com/es/wp-json/oembed/1.0/embed4b9a.json]
[francomunoz.com/es/wp-json/oembed/1.0/embed30ab]
[francomunoz.com/es/los-angeles-workers-compensation/index.html]
[francomunoz.com/index1dc9.html]
[francomunoz.com/es/recursos/page/6/Firefox/index.html]
[francomunoz.com/es/recursos/page/8/index.html]
[francomunoz.com/es/los-angeles-workers-compensation/Firefox/index.html]
[francomunoz.com/es/wp-json/wp/v2/pages/2129.json]
[francomunoz.com/es/index9338.html]
